Female,Age,Educ,Income,Satisficer,Turnout,Choice,Absent_1,Absent_2,Absent_3,Absent_4,Absent_5,Absent_6,Absent_7,Absent_8,Absent_9,PID,PID_s,n_Deny,Deny_A,Deny_B,Deny_C,Deny_D,Deny_E,Deny_F,Deny_Other,Efficacy,Group,Outcome
1,18-29,4,4,0,0,,0,0,0,0,0,0,0,0,1,No PID,0,0,0,0,0,0,0,0,0,5,Treatment 1,3
0,50-59,4,6,0,1,Independent,,,,,,,,,,Party B,2,,,,,,,,,3.3333333333333335,Treatment 2,3
0,40-49,3,3,0,0,,0,0,0,0,0,0,0,0,1,No PID,0,0,0,0,0,0,0,0,0,4.333333333333333,Control,2
1,18-29,4,2,0,1,Ruling,,,,,,,,,,Party B,2,2,1,0,0,0,1,0,0,2,Treatment 1,3
0,60-69,3,6,1,0,,0,0,0,0,1,0,0,0,0,Party F,2,1,0,0,0,0,1,0,0,4.333333333333333,Treatment 2,3
0,70-,3,5,0,1,Opposition,,,,,,,,,,Party E,1,3,1,1,1,0,0,0,0,4,Control,1
1,40-49,4,1,0,0,,0,0,0,0,1,0,1,0,0,Party A,1,0,0,0,0,0,0,0,0,4,Treatment 1,1
0,60-69,2,1,1,1,Ruling,,,,,,,,,,Party A,2,4,0,1,1,0,1,1,0,3,Treatment 1,2
0,40-49,4,2,1,1,Ruling,,,,,,,,,,Party B,2,0,0,0,0,0,0,0,0,2.3333333333333335,Treatment 2,4
1,50-59,2,5,0,1,Ruling,,,,,,,,,,Party B,2,1,0,0,0,1,0,0,0,3,Treatment 2,4
0,30-39,2,5,0,1,,,,,,,,,,,,,,,,,,,,,3,Control,1
0,60-69,2,2,0,0,,0,0,0,0,0,0,0,1,0,Party B,2,1,1,0,0,0,0,0,0,3.3333333333333335,Control,1
1,50-59,4,3,0,1,Opposition,,,,,,,,,,Party C,1,3,1,0,0,1,1,0,0,2,Treatment 1,2
1,50-59,4,3,0,1,,,,,,,,,,,,,0,0,0,0,0,0,0,0,2.3333333333333335,Treatment 1,4
0,50-59,4,3,1,0,,0,0,0,1,0,0,0,0,0,,,,,,,,,,,1,Treatment 2,3
1,60-69,3,2,0,0,,0,0,0,0,1,1,0,0,0,Party A,2,3,0,1,1,0,0,1,0,1.6666666666666667,Treatment 1,3
0,40-49,4,2,0,1,Ruling,,,,,,,,,,No PID,0,3,1,0,0,0,1,0,1,2,Treatment 2,1
0,40-49,2,5,0,1,Ruling,,,,,,,,,,,,1,0,0,0,1,0,0,0,1,Treatment 1,4
1,30-39,2,2,1,1,Ruling,,,,,,,,,,No PID,0,,,,,,,,,3.6666666666666665,Treatment 1,3
0,60-69,2,3,0,1,Ruling,,,,,,,,,,Party A,2,2,0,0,0,0,1,1,0,3.6666666666666665,Treatment 1,5
0,60-69,2,5,0,1,Opposition,,,,,,,,,,Party F,2,1,1,0,0,0,0,0,0,2.6666666666666665,Treatment 2,1
1,50-59,4,5,0,1,,,,,,,,,,,No PID,0,1,1,0,0,0,0,0,0,3.3333333333333335,Control,1
0,30-39,2,3,0,1,Ruling,,,,,,,,,,Party A,2,1,0,0,0,0,1,0,0,2.6666666666666665,Treatment 2,3
1,50-59,2,2,0,1,Opposition,,,,,,,,,,Party D,2,3,0,0,1,0,1,1,0,3.3333333333333335,Treatment 1,2
1,50-59,4,3,0,1,,,,,,,,,,,Party D,1,0,0,0,0,0,0,0,0,3.3333333333333335,Control,3
1,50-59,2,4,0,1,Ruling,,,,,,,,,,Party A,3,1,0,0,1,0,0,0,0,3.3333333333333335,Treatment 1,5
1,70-,3,4,0,1,Independent,,,,,,,,,,No PID,0,,,,,,,,,2.6666666666666665,Treatment 2,5
0,40-49,4,3,0,1,Independent,,,,,,,,,,Party B,1,0,0,0,0,0,0,0,0,2.3333333333333335,Treatment 1,4
0,30-39,3,5,0,1,,,,,,,,,,,Party A,1,2,0,1,0,0,0,1,0,2,Treatment 2,1
1,30-39,4,1,0,1,Opposition,,,,,,,,,,Party B,1,1,1,0,0,0,0,0,0,3,Treatment 2,4
0,18-29,3,1,0,1,,,,,,,,,,,No PID,0,0,0,0,0,0,0,0,0,5,Treatment 2,4
0,70-,4,3,0,1,Ruling,,,,,,,,,,Party F,1,1,1,0,0,0,0,0,0,2.3333333333333335,Treatment 2,1
0,70-,4,1,1,1,Ruling,,,,,,,,,,Party F,3,0,0,0,0,0,0,0,0,3.3333333333333335,Control,2
1,18-29,4,3,0,1,Opposition,,,,,,,,,,Party F,1,5,1,1,1,1,1,0,0,2.3333333333333335,Treatment 2,5
0,70-,2,3,0,1,Ruling,,,,,,,,,,Party A,3,2,0,0,0,0,1,1,0,4,Treatment 1,2
0,18-29,4,5,0,0,,0,1,0,0,0,0,0,0,0,No PID,0,0,0,0,0,0,0,0,0,3.3333333333333335,Treatment 2,1
0,30-39,4,6,0,1,Independent,,,,,,,,,,Party D,1,1,0,0,0,0,0,1,0,2,Control,2
1,70-,3,2,0,0,,0,0,0,0,0,0,1,0,0,Party A,2,2,0,0,0,0,1,1,0,4,Treatment 1,5
0,40-49,3,3,0,0,,0,0,0,0,0,0,0,0,1,No PID,0,0,0,0,0,0,0,0,0,3,Control,1
0,60-69,3,3,0,0,,0,1,0,0,0,0,0,0,0,No PID,0,0,0,0,0,0,0,0,0,3.6666666666666665,Control,1
1,18-29,2,4,1,1,Ruling,,,,,,,,,,Party B,2,1,1,0,0,0,0,0,0,1.6666666666666667,Treatment 1,2
1,40-49,2,1,1,1,Ruling,,,,,,,,,,Party A,3,2,0,1,0,0,0,1,0,2.6666666666666665,Control,3
1,18-29,4,3,0,1,Ruling,,,,,,,,,,No PID,0,,,,,,,,,3,Treatment 1,2
0,60-69,4,2,0,1,Independent,,,,,,,,,,Party D,2,1,0,0,0,0,0,1,0,2.6666666666666665,Treatment 1,5
1,18-29,2,2,1,1,Opposition,,,,,,,,,,Party D,2,1,0,0,0,0,1,0,0,1,Treatment 2,4
0,50-59,2,3,0,1,Ruling,,,,,,,,,,Party A,2,4,0,1,1,0,1,1,0,3.6666666666666665,Control,4
0,50-59,4,2,0,1,,,,,,,,,,,,,1,1,0,0,0,0,0,0,1.6666666666666667,Treatment 2,2
0,70-,2,3,0,0,,0,0,0,0,1,0,0,0,0,Party A,2,1,0,0,0,0,1,0,0,2.6666666666666665,Treatment 2,2
0,60-69,2,2,1,1,Ruling,,,,,,,,,,Party A,2,1,0,0,0,0,0,1,0,3.3333333333333335,Control,3
0,60-69,2,2,0,1,,,,,,,,,,,,,,,,,,,,,3,Treatment 1,4
0,70-,2,2,0,1,Ruling,,,,,,,,,,Party A,1,1,0,0,0,0,0,1,0,3.6666666666666665,Control,3
1,30-39,2,2,0,1,Ruling,,,,,,,,,,Party B,1,1,1,0,0,0,0,0,0,2.3333333333333335,Treatment 2,3
0,50-59,2,5,1,1,Opposition,,,,,,,,,,Party C,2,2,0,0,0,1,1,0,0,3,Treatment 1,4
0,60-69,2,4,1,1,Opposition,,,,,,,,,,Party B,2,1,1,0,0,0,0,0,0,4,Control,4
0,40-49,3,2,0,1,Ruling,,,,,,,,,,Party B,2,0,0,0,0,0,0,0,0,2,Treatment 2,2
1,40-49,2,3,1,1,Ruling,,,,,,,,,,Party A,2,0,0,0,0,0,0,0,0,3,Treatment 1,4
0,50-59,4,2,1,1,Ruling,,,,,,,,,,Party F,2,1,0,1,0,0,0,0,0,2.3333333333333335,Treatment 1,1
0,40-49,4,3,0,1,Opposition,,,,,,,,,,Party A,2,0,0,0,0,0,0,0,0,1,Treatment 1,3
0,60-69,2,2,0,1,,,,,,,,,,,,,0,0,0,0,0,0,0,0,3.3333333333333335,Treatment 2,5
0,50-59,4,2,0,1,Ruling,,,,,,,,,,Party A,3,2,0,1,0,0,0,1,0,1.3333333333333333,Control,2
1,60-69,4,5,1,0,,0,0,0,0,0,0,0,0,1,,,,,,,,,,,3,Treatment 1,3
0,70-,3,3,0,1,Ruling,,,,,,,,,,Party C,2,0,0,0,0,0,0,0,0,3.6666666666666665,Treatment 2,5
1,60-69,2,3,0,1,,,,,,,,,,,Party D,2,1,0,0,0,0,1,0,0,3,Treatment 1,3
1,40-49,4,1,0,1,Ruling,,,,,,,,,,Party A,2,3,0,1,1,0,0,1,0,2.6666666666666665,Control,3
0,60-69,4,2,0,0,,0,0,0,1,0,0,0,0,0,Party A,2,1,0,0,0,0,0,1,0,4.333333333333333,Control,2
1,50-59,2,1,0,1,Ruling,,,,,,,,,,No PID,0,1,1,0,0,0,0,0,0,3,Control,1
0,60-69,4,2,0,0,,0,0,1,0,1,0,0,0,0,Party A,1,0,0,0,0,0,0,0,0,5,Control,4
0,18-29,4,4,0,0,,0,0,1,1,0,0,0,0,0,Party A,2,3,0,1,0,0,1,1,0,1.3333333333333333,Treatment 1,3
0,70-,2,6,1,1,Ruling,,,,,,,,,,Party A,2,1,0,0,0,0,0,1,0,3.3333333333333335,Treatment 1,5
0,70-,4,5,1,1,Ruling,,,,,,,,,,Party A,2,1,0,0,1,0,0,0,0,2.6666666666666665,Treatment 2,3
1,50-59,2,6,0,0,,0,0,0,0,0,0,0,0,1,Party C,2,0,0,0,0,0,0,0,0,3.6666666666666665,Treatment 2,1
1,40-49,3,2,0,0,,0,0,0,0,0,1,0,0,0,Party A,1,1,0,0,0,0,1,0,0,4.333333333333333,Control,2
1,30-39,4,3,0,1,Opposition,,,,,,,,,,Party E,1,1,1,0,0,0,0,0,0,4,Control,4
0,60-69,3,1,1,1,,,,,,,,,,,Party A,2,1,0,0,0,0,0,1,0,2.3333333333333335,Treatment 1,3
0,40-49,2,3,1,0,,0,0,0,1,0,0,0,0,0,,,,,,,,,,,3,Control,1
0,40-49,3,4,1,1,Ruling,,,,,,,,,,Party A,3,0,0,0,0,0,0,0,0,4,Treatment 1,1
1,50-59,3,2,0,1,Ruling,,,,,,,,,,Party A,2,0,0,0,0,0,0,0,0,1.3333333333333333,Treatment 1,5
0,30-39,2,2,0,1,Ruling,,,,,,,,,,Party E,3,4,1,0,0,1,1,0,1,1.3333333333333333,Treatment 1,4
1,40-49,3,2,0,1,Ruling,,,,,,,,,,Party A,2,3,0,1,1,0,0,1,0,2.6666666666666665,Control,4
1,30-39,4,4,0,1,Ruling,,,,,,,,,,No PID,0,1,0,0,0,0,0,1,0,4.333333333333333,Treatment 2,2
0,40-49,3,3,0,1,Ruling,,,,,,,,,,Party B,2,1,1,0,0,0,0,0,0,4,Control,2
0,50-59,2,1,1,1,,,,,,,,,,,Party E,1,2,1,0,0,0,1,0,0,2.6666666666666665,Treatment 1,1
1,30-39,2,6,0,1,Ruling,,,,,,,,,,Party A,2,3,0,1,1,0,0,1,0,2,Treatment 1,1
1,70-,3,2,1,0,,0,0,0,0,0,0,1,0,0,Party A,2,0,0,0,0,0,0,0,0,3,Treatment 2,2
1,40-49,4,3,0,1,Opposition,,,,,,,,,,Party F,1,2,1,0,0,0,1,0,0,3.6666666666666665,Treatment 2,5
1,60-69,2,3,0,0,,0,0,0,0,0,0,0,0,1,Party A,2,3,0,1,1,0,0,1,0,2.3333333333333335,Control,1
1,60-69,2,2,0,1,,,,,,,,,,,,,,,,,,,,,2.3333333333333335,Treatment 2,2
1,60-69,3,2,0,0,,0,1,0,0,0,0,0,0,0,Party A,2,1,0,0,0,0,0,1,0,4.666666666666667,Treatment 1,2
1,60-69,4,4,0,1,Ruling,,,,,,,,,,Party A,2,2,0,0,0,0,1,1,0,2.6666666666666665,Treatment 2,5
1,60-69,4,4,0,1,Independent,,,,,,,,,,Party C,2,2,1,0,0,0,1,0,0,2,Control,3
1,50-59,1,2,0,1,Ruling,,,,,,,,,,Party A,3,3,0,1,1,0,0,1,0,2,Control,2
0,70-,4,1,0,1,Opposition,,,,,,,,,,Party D,2,2,0,0,0,0,1,1,0,3.6666666666666665,Treatment 2,3
1,40-49,4,3,1,0,,0,0,0,0,0,0,0,0,1,,,0,0,0,0,0,0,0,0,3,Treatment 1,5
0,18-29,4,1,1,1,,,,,,,,,,,No PID,0,0,0,0,0,0,0,0,0,3,Treatment 2,2
0,18-29,4,2,0,1,Ruling,,,,,,,,,,Party A,2,2,0,0,0,1,1,0,0,3.3333333333333335,Treatment 2,5
1,60-69,3,3,0,0,,0,0,0,0,1,1,0,0,0,Party E,2,0,0,0,0,0,0,0,0,4.666666666666667,Treatment 2,4
1,70-,3,6,1,0,,0,0,0,0,0,1,0,0,0,,,2,0,0,0,0,1,1,0,3,Control,1
0,70-,4,5,0,1,Ruling,,,,,,,,,,Party A,2,3,0,1,1,0,0,1,0,3,Control,3
0,60-69,4,6,0,0,,0,0,0,0,0,0,0,0,1,,,0,0,0,0,0,0,0,0,3.3333333333333335,Control,3
1,70-,4,2,0,1,Opposition,,,,,,,,,,Party C,2,0,0,0,0,0,0,0,0,3.3333333333333335,Treatment 1,5
0,50-59,4,6,0,0,,1,0,0,0,0,0,0,0,0,Party A,2,1,0,1,0,0,0,0,0,2.6666666666666665,Control,4
0,40-49,4,4,0,1,Ruling,,,,,,,,,,Party B,1,1,1,0,0,0,0,0,0,3,Treatment 2,2
0,40-49,3,2,1,1,,,,,,,,,,,No PID,0,0,0,0,0,0,0,0,0,3.3333333333333335,Treatment 2,1
1,18-29,2,5,0,1,Opposition,,,,,,,,,,Party D,2,3,1,0,0,0,1,1,0,3.6666666666666665,Control,2
0,50-59,2,1,0,1,Opposition,,,,,,,,,,Party D,2,2,0,0,0,0,1,1,0,3,Control,3
0,18-29,3,2,0,1,Opposition,,,,,,,,,,Party D,1,1,1,0,0,0,0,0,0,3.3333333333333335,Treatment 1,1
1,70-,3,4,0,0,,0,1,0,0,0,0,0,0,0,No PID,0,0,0,0,0,0,0,0,0,3.3333333333333335,Control,2
1,60-69,2,3,0,1,Ruling,,,,,,,,,,Party B,2,0,0,0,0,0,0,0,0,2.6666666666666665,Control,2
1,50-59,2,2,0,1,Ruling,,,,,,,,,,Party D,1,0,0,0,0,0,0,0,0,2.3333333333333335,Treatment 1,2
0,18-29,2,4,0,1,Opposition,,,,,,,,,,,,0,0,0,0,0,0,0,0,2.3333333333333335,Treatment 1,1
1,18-29,2,2,0,1,Ruling,,,,,,,,,,No PID,0,2,0,1,0,0,0,1,0,3.6666666666666665,Treatment 1,4
0,18-29,2,2,0,1,,,,,,,,,,,Party F,1,1,0,0,0,0,0,1,0,2.3333333333333335,Control,1
1,70-,1,1,0,1,,,,,,,,,,,,,0,0,0,0,0,0,0,0,3.3333333333333335,Treatment 2,2
0,30-39,4,2,0,0,,0,0,0,0,0,0,0,0,1,No PID,0,0,0,0,0,0,0,0,0,3.6666666666666665,Control,3
1,40-49,2,2,1,0,,0,0,0,0,0,0,0,0,1,,,,,,,,,,,3,Control,4
0,50-59,2,2,0,0,,0,0,1,0,0,0,0,0,0,Party A,2,0,0,0,0,0,0,0,0,2.6666666666666665,Treatment 1,5
1,70-,4,2,0,1,Opposition,,,,,,,,,,Party F,2,2,1,0,0,0,1,0,0,1.3333333333333333,Control,3
0,60-69,4,2,0,0,,0,0,0,0,0,0,0,0,0,Party A,1,0,0,0,0,0,0,0,0,4,Treatment 1,2
1,18-29,3,3,1,1,Opposition,,,,,,,,,,Party F,2,4,0,1,1,0,1,1,0,2.3333333333333335,Treatment 1,2
0,30-39,4,3,1,0,,0,0,0,0,1,0,0,0,0,No PID,0,,,,,,,,,3,Treatment 2,1
0,70-,3,3,0,0,,0,0,0,0,0,1,0,0,0,No PID,0,2,1,0,0,0,1,0,0,3,Treatment 1,2
0,70-,4,2,1,0,,0,0,1,0,0,0,0,0,0,Party A,2,2,0,1,1,0,0,0,0,3.3333333333333335,Control,1
1,60-69,3,3,0,1,Ruling,,,,,,,,,,Party B,2,2,1,0,0,0,1,0,0,3.3333333333333335,Treatment 2,1
1,60-69,4,2,0,1,Ruling,,,,,,,,,,Party A,2,1,0,0,0,0,0,1,0,4,Treatment 1,3
1,40-49,3,3,0,1,Ruling,,,,,,,,,,Party A,2,3,0,1,1,0,0,1,0,2,Treatment 1,5
0,60-69,4,3,0,1,Ruling,,,,,,,,,,Party A,2,2,0,1,0,0,0,0,1,2.6666666666666665,Control,3
0,60-69,3,3,0,0,,0,0,0,0,1,0,0,0,0,No PID,0,3,1,0,0,1,1,0,0,4.333333333333333,Control,2
0,40-49,1,2,0,0,,0,1,0,0,0,0,0,0,0,Party E,1,0,0,0,0,0,0,0,0,2.3333333333333335,Treatment 1,1
0,40-49,3,4,1,1,Ruling,,,,,,,,,,Party A,3,3,0,1,1,0,0,1,0,1.3333333333333333,Treatment 2,5
1,40-49,4,6,1,1,Ruling,,,,,,,,,,No PID,0,,,,,,,,,2.6666666666666665,Treatment 2,1
1,18-29,4,4,0,0,,0,0,0,0,1,0,0,0,0,Party D,2,1,0,0,0,0,0,1,0,3.3333333333333335,Control,3
1,60-69,2,2,0,1,Opposition,,,,,,,,,,No PID,0,0,0,0,0,0,0,0,0,4,Control,3
1,70-,4,3,1,1,,,,,,,,,,,,,,,,,,,,,3.3333333333333335,Treatment 1,4
0,70-,4,3,0,1,Ruling,,,,,,,,,,Party B,2,2,1,0,0,0,1,0,0,3.3333333333333335,Treatment 2,2
1,60-69,4,2,0,1,Ruling,,,,,,,,,,,,0,0,0,0,0,0,0,0,4.333333333333333,Control,4
1,70-,4,5,0,0,,0,0,0,0,0,0,0,0,1,Party F,2,2,0,1,0,0,1,0,0,3,Control,3
1,40-49,4,2,0,1,Opposition,,,,,,,,,,Party D,3,3,0,1,1,0,0,1,0,1.3333333333333333,Control,1
0,60-69,3,2,0,1,Ruling,,,,,,,,,,Party A,2,2,0,0,0,0,1,1,0,3,Treatment 2,3
0,40-49,4,3,1,1,Ruling,,,,,,,,,,Party A,2,2,0,1,0,0,0,1,0,1.6666666666666667,Treatment 1,3
0,60-69,4,2,1,0,,0,0,0,1,0,0,0,0,0,Party A,2,0,0,0,0,0,0,0,0,2.6666666666666665,Treatment 2,5
1,40-49,4,2,1,1,Ruling,,,,,,,,,,,,,,,,,,,,3,Treatment 2,5
0,70-,3,4,0,0,,0,0,0,0,1,1,0,0,0,Party A,2,2,0,1,0,0,0,1,0,2.6666666666666665,Control,1
1,40-49,3,5,0,1,,,,,,,,,,,No PID,0,0,0,0,0,0,0,0,0,3.3333333333333335,Treatment 2,1
1,30-39,2,4,1,1,Ruling,,,,,,,,,,Party A,2,6,1,1,1,1,1,1,0,3.3333333333333335,Treatment 1,5
1,50-59,4,2,0,0,,1,1,0,0,0,0,0,0,0,Party D,2,1,0,1,0,0,0,0,0,3.6666666666666665,Control,4
0,70-,4,5,0,1,Ruling,,,,,,,,,,Party A,2,0,0,0,0,0,0,0,0,2.6666666666666665,Treatment 2,4
1,40-49,2,2,0,1,,,,,,,,,,,,,0,0,0,0,0,0,0,0,3,Control,1
1,50-59,2,5,0,1,Ruling,,,,,,,,,,Other,2,2,1,0,0,0,1,0,0,3.6666666666666665,Control,2
1,40-49,4,6,0,1,,,,,,,,,,,,,0,0,0,0,0,0,0,0,3.6666666666666665,Treatment 1,4
0,60-69,4,1,1,0,,0,1,0,0,0,0,0,0,0,Party A,2,,,,,,,,,3,Treatment 2,1
1,70-,3,3,0,1,,,,,,,,,,,,,,,,,,,,,3,Treatment 1,4
1,18-29,4,1,1,1,Ruling,,,,,,,,,,Party A,2,3,0,1,1,0,0,1,0,2.3333333333333335,Treatment 1,4
1,40-49,2,1,0,0,,0,0,0,1,0,0,0,0,0,Party C,2,0,0,0,0,0,0,0,0,1.6666666666666667,Treatment 1,4
1,18-29,3,1,0,1,,,,,,,,,,,Party A,2,0,0,0,0,0,0,0,0,3.6666666666666665,Treatment 1,2
0,50-59,3,5,0,1,Opposition,,,,,,,,,,Party A,2,2,0,0,0,1,1,0,0,2.6666666666666665,Control,1
1,40-49,4,2,1,0,,0,0,0,0,0,1,0,0,0,Party A,2,3,0,1,0,0,1,1,0,2.3333333333333335,Treatment 2,4
0,60-69,4,3,0,1,Ruling,,,,,,,,,,Party A,2,4,0,1,1,1,0,1,0,3.6666666666666665,Treatment 2,3
0,40-49,3,5,1,1,Opposition,,,,,,,,,,Party A,2,0,0,0,0,0,0,0,0,4,Control,3
1,40-49,2,2,1,1,Opposition,,,,,,,,,,Party D,2,0,0,0,0,0,0,0,0,1,Treatment 1,2
1,50-59,3,4,0,0,,0,1,0,0,0,0,0,0,0,No PID,0,1,0,0,0,0,0,1,0,2.6666666666666665,Treatment 1,3
0,70-,4,3,0,0,,0,0,0,0,1,0,0,0,0,Party A,2,2,0,0,0,0,1,1,0,3.6666666666666665,Treatment 2,5
1,30-39,4,1,1,0,,0,0,0,0,0,1,0,0,0,No PID,0,0,0,0,0,0,0,0,0,3,Treatment 1,4
0,30-39,3,3,1,1,,,,,,,,,,,,,,,,,,,,,3,Treatment 1,2
1,30-39,2,3,0,1,Ruling,,,,,,,,,,Party C,2,1,0,0,0,0,0,1,0,4,Treatment 2,4
1,60-69,3,6,0,1,Opposition,,,,,,,,,,Party F,1,3,0,1,0,0,1,1,0,3,Control,3
0,40-49,2,3,1,1,Independent,,,,,,,,,,Party B,3,3,1,0,0,1,1,0,0,1,Treatment 2,3
0,18-29,4,2,1,1,Ruling,,,,,,,,,,Party A,2,3,0,1,1,0,0,1,0,2,Treatment 2,4
1,40-49,4,2,0,1,Ruling,,,,,,,,,,No PID,0,1,0,0,0,0,0,1,0,3.6666666666666665,Treatment 2,2
0,30-39,2,5,0,1,Ruling,,,,,,,,,,Party B,2,2,0,0,1,0,0,1,0,3.6666666666666665,Treatment 1,3
1,50-59,2,3,1,1,Opposition,,,,,,,,,,Party C,2,4,1,0,1,0,0,1,1,1.6666666666666667,Treatment 2,2
0,18-29,2,5,0,0,,1,0,0,0,0,0,0,0,0,No PID,0,1,0,0,0,0,1,0,0,3.6666666666666665,Control,3
1,50-59,4,2,0,1,Ruling,,,,,,,,,,Party A,2,0,0,0,0,0,0,0,0,2.3333333333333335,Treatment 1,5
0,30-39,3,3,0,1,Ruling,,,,,,,,,,Party B,1,4,1,0,1,1,1,0,0,3,Control,4
0,60-69,4,6,1,0,,0,0,0,0,0,1,0,0,0,,,1,1,0,0,0,0,0,0,4.666666666666667,Treatment 2,4
1,60-69,4,2,0,1,Ruling,,,,,,,,,,Party A,2,4,0,1,1,0,1,1,0,2.6666666666666665,Treatment 2,5
0,50-59,3,4,1,1,Ruling,,,,,,,,,,Party A,2,3,0,1,0,0,1,1,0,2.6666666666666665,Control,1
0,40-49,4,2,0,1,Independent,,,,,,,,,,No PID,0,1,0,0,0,0,1,0,0,2.6666666666666665,Treatment 2,2
0,40-49,2,2,0,1,Ruling,,,,,,,,,,,,,,,,,,,,2,Treatment 1,3
0,40-49,4,2,0,1,Ruling,,,,,,,,,,Party A,2,1,0,0,0,1,0,0,0,1.3333333333333333,Control,1
1,70-,4,2,0,1,Ruling,,,,,,,,,,Party B,2,3,1,0,0,1,1,0,0,2.6666666666666665,Treatment 2,1
0,18-29,4,2,1,0,,0,0,0,0,0,0,0,0,1,,,,,,,,,,,3,Treatment 2,2
0,40-49,2,1,0,1,Ruling,,,,,,,,,,Party A,2,4,0,1,1,0,1,1,0,1.6666666666666667,Control,1
0,40-49,4,6,1,1,Opposition,,,,,,,,,,Party F,3,1,0,1,0,0,0,0,0,1.3333333333333333,Control,1
1,40-49,4,3,0,1,Ruling,,,,,,,,,,Party A,2,0,0,0,0,0,0,0,0,3.6666666666666665,Control,2
0,70-,2,3,0,1,Ruling,,,,,,,,,,Party F,1,1,1,0,0,0,0,0,0,3.3333333333333335,Treatment 2,5
1,30-39,4,2,0,1,Ruling,,,,,,,,,,Party A,2,1,0,0,0,0,0,1,0,2.3333333333333335,Treatment 1,4
1,30-39,3,2,0,1,Ruling,,,,,,,,,,Party C,1,1,0,0,0,0,0,1,0,3,Treatment 2,4
1,60-69,4,2,0,1,Ruling,,,,,,,,,,Party B,2,2,1,0,0,0,1,0,0,4,Treatment 2,1
1,40-49,4,6,1,1,Ruling,,,,,,,,,,,,2,0,0,0,0,1,1,0,2.6666666666666665,Treatment 2,5
1,60-69,4,3,0,0,,0,1,0,0,0,0,0,0,0,No PID,0,1,0,0,0,0,1,0,0,3.3333333333333335,Treatment 2,4
0,18-29,4,3,0,0,,0,1,0,0,0,0,0,0,0,Party A,2,3,0,1,1,0,0,1,0,2.3333333333333335,Treatment 1,3
1,18-29,4,4,0,0,,0,1,0,0,0,1,0,0,0,Party A,2,0,0,0,0,0,0,0,0,4.333333333333333,Control,2
0,70-,4,2,0,1,Independent,,,,,,,,,,Party B,1,0,0,0,0,0,0,0,0,2.6666666666666665,Control,1
0,40-49,3,6,1,1,Ruling,,,,,,,,,,,,1,1,0,0,0,0,0,0,3.3333333333333335,Treatment 2,1
0,70-,2,5,0,1,Ruling,,,,,,,,,,Party A,3,1,1,0,0,0,0,0,0,3.3333333333333335,Treatment 2,1
1,50-59,3,4,0,1,Ruling,,,,,,,,,,Party A,2,3,0,1,1,0,0,1,0,2.3333333333333335,Treatment 1,2
0,50-59,4,5,0,1,,,,,,,,,,,Party A,1,2,0,0,0,1,1,0,0,2,Treatment 1,5
0,60-69,3,4,0,0,,0,0,0,0,0,0,0,0,0,Party D,1,0,0,0,0,0,0,0,0,4.666666666666667,Control,4
0,70-,4,6,0,1,Ruling,,,,,,,,,,Party A,1,2,0,0,0,0,1,1,0,2.3333333333333335,Control,3
0,40-49,4,2,0,1,Opposition,,,,,,,,,,,,,,,,,,,,4.666666666666667,Treatment 2,5
0,50-59,2,6,0,1,,,,,,,,,,,,,4,0,1,1,0,1,1,0,1.6666666666666667,Treatment 2,3
0,18-29,4,3,0,1,Ruling,,,,,,,,,,Party B,1,1,1,0,0,0,0,0,0,3,Control,2
1,30-39,4,4,1,0,,0,0,0,0,0,0,0,0,1,No PID,0,0,0,0,0,0,0,0,0,3,Control,1
1,40-49,4,4,0,0,,0,0,0,0,0,0,1,0,0,,,,,,,,,,,4,Treatment 2,2
0,70-,2,4,0,1,,,,,,,,,,,Party A,2,4,0,1,1,0,1,1,0,2.6666666666666665,Treatment 2,4
1,40-49,3,5,0,1,Opposition,,,,,,,,,,Party A,2,2,0,0,0,0,1,0,1,4.666666666666667,Treatment 1,3
1,60-69,4,6,0,0,,0,1,0,0,0,0,0,0,0,Party A,2,1,0,0,0,0,1,0,0,3.6666666666666665,Treatment 1,3
0,18-29,4,4,0,1,Ruling,,,,,,,,,,Party A,2,4,0,1,1,0,1,1,0,2,Treatment 1,3
1,40-49,1,5,0,1,,,,,,,,,,,,,0,0,0,0,0,0,0,0,3,Control,3
0,70-,3,2,0,1,Ruling,,,,,,,,,,,,1,0,0,0,1,0,0,0,3,Treatment 2,5
0,18-29,4,3,0,0,,0,0,0,1,1,1,0,0,0,Party D,2,1,0,0,0,0,0,1,0,3.6666666666666665,Treatment 1,4
1,18-29,2,5,0,1,Ruling,,,,,,,,,,Party A,2,1,0,0,0,0,0,1,0,2.3333333333333335,Treatment 2,5
1,40-49,4,2,1,1,Ruling,,,,,,,,,,No PID,0,0,0,0,0,0,0,0,0,3.3333333333333335,Treatment 2,1
0,50-59,4,2,0,1,Opposition,,,,,,,,,,Party A,2,1,0,0,0,0,0,1,0,2.3333333333333335,Treatment 1,2
0,18-29,3,2,1,0,,0,1,0,0,0,0,0,0,0,Party C,2,1,1,0,0,0,0,0,0,3,Treatment 1,2
1,70-,2,5,0,0,,0,0,0,0,0,0,1,0,0,Party A,1,1,0,0,0,0,0,1,0,3.6666666666666665,Control,4
0,30-39,3,1,0,1,Ruling,,,,,,,,,,Party A,2,4,0,1,1,0,1,1,0,3.3333333333333335,Treatment 1,4
0,50-59,4,2,0,1,Ruling,,,,,,,,,,No PID,0,1,0,0,0,0,0,1,0,4,Treatment 1,4
1,18-29,2,2,0,1,Ruling,,,,,,,,,,Party B,2,1,1,0,0,0,0,0,0,3.6666666666666665,Treatment 1,5
1,18-29,1,2,1,1,Ruling,,,,,,,,,,Party A,2,0,0,0,0,0,0,0,0,3.6666666666666665,Treatment 2,4
1,50-59,3,6,1,0,,0,0,0,0,0,0,0,0,0,Party E,1,0,0,0,0,0,0,0,0,3,Treatment 1,2
0,30-39,4,4,0,1,,,,,,,,,,,No PID,0,5,1,1,1,1,1,0,0,1.6666666666666667,Treatment 1,2
1,70-,4,4,0,0,,0,0,0,0,0,0,1,0,0,No PID,0,0,0,0,0,0,0,0,0,4,Treatment 1,4
1,50-59,4,3,1,0,,0,0,0,0,0,0,0,0,1,No PID,0,0,0,0,0,0,0,0,0,3,Treatment 2,3
0,30-39,4,5,0,1,,,,,,,,,,,Party C,2,1,0,0,0,0,1,0,0,4,Treatment 2,3
0,70-,3,1,1,0,,0,0,0,0,1,0,0,0,0,Party A,3,0,0,0,0,0,0,0,0,4.333333333333333,Control,4
0,70-,1,6,0,1,Ruling,,,,,,,,,,Party A,2,1,0,0,0,0,0,1,0,2.3333333333333335,Treatment 1,4
1,50-59,3,4,0,0,,0,0,0,1,0,0,0,0,0,Party A,2,0,0,0,0,0,0,0,0,3.3333333333333335,Treatment 1,2
0,30-39,3,5,1,1,,,,,,,,,,,Party B,1,2,1,0,0,0,1,0,0,2.3333333333333335,Treatment 1,1
1,18-29,2,3,1,1,Ruling,,,,,,,,,,Party A,3,,,,,,,,,1,Treatment 2,5
1,50-59,4,2,0,1,,,,,,,,,,,,,0,0,0,0,0,0,0,0,1.6666666666666667,Treatment 2,4
1,50-59,2,3,0,0,,0,0,0,0,0,0,1,0,0,Party A,2,1,0,1,0,0,0,0,0,4.333333333333333,Treatment 2,5
1,50-59,2,3,0,1,Ruling,,,,,,,,,,Party A,2,3,0,1,1,0,0,1,0,2.3333333333333335,Treatment 1,4
0,18-29,4,1,0,1,Ruling,,,,,,,,,,Party A,2,0,0,0,0,0,0,0,0,3.3333333333333335,Control,4
0,30-39,4,2,0,0,,0,0,0,0,0,1,0,0,0,Party D,2,1,0,0,0,0,0,1,0,3.6666666666666665,Control,2
0,70-,2,2,0,0,,0,0,0,0,0,0,0,0,0,No PID,0,0,0,0,0,0,0,0,0,4,Treatment 2,1
1,30-39,4,4,0,0,,0,0,0,0,1,0,0,0,0,Party C,2,1,0,0,0,0,0,1,0,4,Treatment 2,3
1,40-49,2,2,1,0,,0,0,0,0,1,0,0,0,0,No PID,0,,,,,,,,,3,Treatment 1,3
1,18-29,4,2,0,1,Ruling,,,,,,,,,,Party B,2,1,1,0,0,0,0,0,0,2.6666666666666665,Control,2
1,40-49,3,2,0,1,Ruling,,,,,,,,,,Party B,2,0,0,0,0,0,0,0,0,4,Treatment 2,2
1,30-39,4,2,1,0,,0,0,0,0,0,1,0,0,0,No PID,0,0,0,0,0,0,0,0,0,1,Treatment 1,1
1,30-39,2,3,0,1,Opposition,,,,,,,,,,Party A,2,1,1,0,0,0,0,0,0,4,Treatment 2,5
1,50-59,3,5,0,1,Opposition,,,,,,,,,,Party B,2,0,0,0,0,0,0,0,0,2,Treatment 2,5
0,60-69,2,2,0,1,Ruling,,,,,,,,,,Party A,2,1,0,0,1,0,0,0,0,3.6666666666666665,Treatment 2,2
1,60-69,4,2,0,1,Opposition,,,,,,,,,,Party A,2,5,0,1,1,0,1,1,1,2.6666666666666665,Control,1
1,50-59,4,6,0,1,Opposition,,,,,,,,,,Party A,2,3,0,1,1,0,0,1,0,2,Treatment 2,2
1,60-69,4,2,0,1,,,,,,,,,,,,,0,0,0,0,0,0,0,0,1.6666666666666667,Treatment 2,3
0,18-29,4,2,0,1,Opposition,,,,,,,,,,Party D,1,2,0,1,1,0,0,0,0,4.333333333333333,Control,3
1,40-49,3,1,1,0,,0,0,0,0,0,1,0,0,0,,,0,0,0,0,0,0,0,0,2.3333333333333335,Treatment 2,2
1,70-,3,2,0,1,Opposition,,,,,,,,,,Other,1,0,0,0,0,0,0,0,0,3,Control,4
0,70-,2,6,0,0,,0,0,0,0,0,1,0,0,0,No PID,0,0,0,0,0,0,0,0,0,3.3333333333333335,Treatment 2,2
1,70-,4,2,1,1,Ruling,,,,,,,,,,Party A,2,1,0,0,0,0,0,1,0,3,Treatment 1,5
0,40-49,2,2,0,1,Ruling,,,,,,,,,,Party A,2,3,0,1,1,0,0,1,0,3,Treatment 1,1
1,60-69,4,6,1,1,Ruling,,,,,,,,,,Party A,2,3,0,1,1,0,0,1,0,3,Treatment 2,4
1,30-39,4,3,0,1,Opposition,,,,,,,,,,Party B,2,2,1,0,0,0,1,0,0,2.3333333333333335,Treatment 1,1
0,60-69,4,4,0,1,Ruling,,,,,,,,,,Party A,2,3,0,1,1,0,0,1,0,1,Treatment 1,2
0,30-39,4,2,0,1,,,,,,,,,,,No PID,0,0,0,0,0,0,0,0,0,4,Treatment 1,1
1,60-69,4,6,0,1,Ruling,,,,,,,,,,Party C,3,2,0,1,0,0,0,1,0,1.6666666666666667,Treatment 2,4
1,18-29,4,3,0,1,Ruling,,,,,,,,,,Party A,2,2,0,1,0,0,1,0,0,2.3333333333333335,Treatment 1,4
1,50-59,2,3,0,1,Independent,,,,,,,,,,Party F,2,2,1,0,0,0,1,0,0,2,Control,1
0,18-29,4,3,0,0,,0,0,0,0,0,0,0,0,1,No PID,0,0,0,0,0,0,0,0,0,3,Control,1
0,30-39,4,5,0,1,Ruling,,,,,,,,,,Party A,2,1,0,0,0,0,0,1,0,2,Control,2
0,30-39,3,1,0,1,,,,,,,,,,,Party C,2,2,1,0,0,0,1,0,0,3,Treatment 1,1
1,70-,4,2,0,0,,0,0,0,0,0,0,0,1,0,Party C,2,1,0,0,0,0,1,0,0,4,Treatment 1,4
1,70-,4,5,0,0,,0,0,0,1,0,0,0,0,0,Party A,1,0,0,0,0,0,0,0,0,5,Control,4
0,40-49,4,6,1,0,,0,0,0,0,1,0,0,0,0,,,0,0,0,0,0,0,0,0,4.666666666666667,Control,1
1,60-69,2,4,1,0,,0,0,0,0,0,0,0,0,1,Party A,2,4,0,1,1,0,1,1,0,3,Treatment 2,3
1,50-59,4,3,0,1,Ruling,,,,,,,,,,Party A,2,0,0,0,0,0,0,0,0,1.6666666666666667,Control,3
0,18-29,3,3,0,0,,0,0,1,0,0,0,0,0,0,Party A,1,1,0,0,0,0,0,1,0,2.6666666666666665,Treatment 1,2
1,40-49,4,5,1,0,,0,0,0,0,1,0,0,0,0,Party A,2,3,0,1,1,0,0,1,0,3.3333333333333335,Treatment 2,3
0,60-69,2,2,0,0,,0,0,0,0,0,0,0,0,0,No PID,0,0,0,0,0,0,0,0,0,4.666666666666667,Control,3
1,50-59,4,5,0,1,,,,,,,,,,,No PID,0,0,0,0,0,0,0,0,0,3,Treatment 1,3
1,30-39,3,3,0,0,,0,1,0,0,0,0,0,0,0,Other,2,0,0,0,0,0,0,0,0,3,Control,4
0,60-69,2,4,0,0,,0,0,0,0,0,0,1,0,0,Party A,2,3,0,1,0,1,0,1,0,2.6666666666666665,Treatment 2,1
0,50-59,2,3,0,0,,0,0,1,0,0,0,0,0,0,No PID,0,0,0,0,0,0,0,0,0,3,Treatment 2,5
0,70-,4,1,0,1,Ruling,,,,,,,,,,Party A,2,0,0,0,0,0,0,0,0,3,Treatment 2,2
1,18-29,2,2,1,1,,,,,,,,,,,,,0,0,0,0,0,0,0,0,3.3333333333333335,Treatment 2,4
1,30-39,4,2,0,1,Opposition,,,,,,,,,,Party C,3,3,1,0,0,1,1,0,0,2,Treatment 1,2
0,40-49,2,2,0,0,,0,0,0,1,1,0,0,0,0,No PID,0,0,0,0,0,0,0,0,0,3,Treatment 1,4
0,50-59,4,2,0,0,,0,0,1,0,0,0,0,0,0,No PID,0,0,0,0,0,0,0,0,0,3.3333333333333335,Treatment 2,3
1,50-59,3,2,0,1,Ruling,,,,,,,,,,Party A,2,0,0,0,0,0,0,0,0,4,Treatment 2,3
1,40-49,4,1,0,1,Ruling,,,,,,,,,,Party B,2,2,1,0,0,0,1,0,0,2.6666666666666665,Control,4
1,60-69,3,1,0,0,,0,0,0,0,0,0,1,0,0,,,0,0,0,0,0,0,0,0,3,Treatment 2,2
0,30-39,4,2,1,0,,0,0,0,1,0,1,0,0,0,Party B,1,1,1,0,0,0,0,0,0,3,Treatment 1,5
1,40-49,4,2,0,1,,,,,,,,,,,,,0,0,0,0,0,0,0,0,3,Treatment 2,1
0,30-39,4,5,1,0,,0,0,0,0,0,0,1,0,0,Party A,2,1,0,0,0,0,1,0,0,4,Control,1
1,18-29,4,1,0,1,Ruling,,,,,,,,,,Party B,2,1,1,0,0,0,0,0,0,2,Control,4
0,40-49,2,1,0,1,Ruling,,,,,,,,,,No PID,0,2,1,0,0,0,1,0,0,3,Control,1
1,60-69,4,3,1,1,Ruling,,,,,,,,,,Party B,2,1,1,0,0,0,0,0,0,1.6666666666666667,Treatment 1,5
0,60-69,4,3,0,1,Ruling,,,,,,,,,,Party C,2,2,0,0,0,1,0,1,0,2.3333333333333335,Control,2
1,40-49,4,6,0,1,,,,,,,,,,,,,0,0,0,0,0,0,0,0,3,Treatment 2,1
0,30-39,3,3,0,1,Ruling,,,,,,,,,,Party A,2,1,0,0,0,0,0,1,0,3,Treatment 2,4
0,60-69,3,4,1,0,,0,0,0,1,0,0,0,0,0,,,,,,,,,,,3,Treatment 2,5
0,60-69,2,4,0,1,Independent,,,,,,,,,,Party F,2,3,1,0,0,0,1,1,0,3.3333333333333335,Treatment 2,3
0,40-49,3,5,0,1,Ruling,,,,,,,,,,Party B,2,1,1,0,0,0,0,0,0,2.6666666666666665,Control,4
1,50-59,2,2,0,1,Ruling,,,,,,,,,,Party A,2,1,0,0,0,0,0,1,0,3.3333333333333335,Treatment 1,2
1,50-59,2,3,1,1,Opposition,,,,,,,,,,Party D,2,2,0,0,0,0,1,1,0,2.3333333333333335,Treatment 2,1
0,70-,2,2,0,1,Opposition,,,,,,,,,,No PID,0,1,0,0,0,0,1,0,0,3.6666666666666665,Control,4
1,70-,2,3,1,1,Ruling,,,,,,,,,,Party A,2,2,0,1,0,0,0,1,0,2.6666666666666665,Treatment 2,2
1,30-39,3,1,0,1,Ruling,,,,,,,,,,Party A,1,1,0,0,0,0,0,1,0,4,Treatment 2,5
1,40-49,3,3,0,1,Ruling,,,,,,,,,,No PID,0,1,0,0,0,0,0,1,0,3.6666666666666665,Control,2
0,40-49,4,2,0,0,,0,0,0,0,0,1,0,0,0,No PID,0,1,0,0,0,0,1,0,0,4,Treatment 1,4
1,18-29,4,3,0,1,Ruling,,,,,,,,,,Party A,2,1,0,1,0,0,0,0,0,3.3333333333333335,Treatment 1,3
1,18-29,2,4,0,1,Ruling,,,,,,,,,,Party A,2,1,0,0,0,0,0,1,0,3,Treatment 1,3
1,50-59,2,1,0,1,Ruling,,,,,,,,,,Party C,2,4,1,1,1,1,0,0,0,1.3333333333333333,Control,2
1,18-29,4,2,0,0,,0,1,0,0,0,0,0,0,0,No PID,0,1,1,0,0,0,0,0,0,4,Control,3
1,30-39,4,2,0,1,Ruling,,,,,,,,,,Party A,2,3,0,1,1,0,0,1,0,1.6666666666666667,Treatment 1,5
1,18-29,4,3,0,1,Ruling,,,,,,,,,,Party D,1,4,1,1,1,0,1,0,0,2.3333333333333335,Treatment 2,3
0,40-49,4,6,0,1,Opposition,,,,,,,,,,Party F,2,1,0,0,0,0,1,0,0,4.333333333333333,Treatment 1,4
1,50-59,4,3,0,1,Opposition,,,,,,,,,,Party D,2,1,0,0,0,0,0,1,0,3,Treatment 1,4
0,60-69,4,1,1,1,Opposition,,,,,,,,,,Party F,3,0,0,0,0,0,0,0,0,4,Treatment 1,3
0,70-,2,1,0,0,,0,1,0,0,0,0,0,0,0,No PID,0,,,,,,,,,4,Treatment 2,1
0,30-39,3,2,0,1,Ruling,,,,,,,,,,Party C,2,2,0,0,0,1,1,0,0,3.6666666666666665,Treatment 2,4
0,30-39,3,2,0,1,Ruling,,,,,,,,,,Party E,1,,,,,,,,,2,Treatment 1,2
0,60-69,4,2,1,1,,,,,,,,,,,,,,,,,,,,,1,Treatment 1,4
0,50-59,3,3,0,0,,0,0,0,0,1,0,0,0,0,Party A,2,2,0,1,1,0,0,0,0,3.6666666666666665,Treatment 1,3
0,40-49,3,6,0,1,Opposition,,,,,,,,,,Party D,2,1,1,0,0,0,0,0,0,2,Control,3
0,50-59,2,3,0,1,Independent,,,,,,,,,,Party D,2,3,0,1,1,0,1,0,0,1,Treatment 1,3
0,30-39,2,2,1,1,Ruling,,,,,,,,,,Party A,2,2,0,1,0,0,0,1,0,2.6666666666666665,Control,1
1,30-39,2,2,1,1,Independent,,,,,,,,,,,,3,1,0,0,0,1,1,0,4,Control,4
0,30-39,4,3,0,1,Ruling,,,,,,,,,,Party A,2,1,0,0,0,0,0,1,0,3,Control,2
1,60-69,3,1,0,0,,0,0,0,0,0,0,0,1,0,Party A,2,1,0,0,0,0,0,1,0,1,Treatment 1,4
0,60-69,4,3,1,0,,0,1,0,0,0,0,0,0,0,No PID,0,1,0,0,0,0,1,0,0,4,Treatment 1,5
0,30-39,4,4,0,1,,,,,,,,,,,Party D,1,1,0,0,0,0,0,1,0,2,Treatment 1,1
0,70-,4,3,0,1,Opposition,,,,,,,,,,Party A,2,1,0,1,0,0,0,0,0,2,Control,4
1,60-69,4,6,1,0,,1,1,0,0,0,0,1,0,0,Party B,2,0,0,0,0,0,0,0,0,3.6666666666666665,Treatment 2,1
1,40-49,4,2,0,1,,,,,,,,,,,Party F,2,0,0,0,0,0,0,0,0,3,Control,3
1,18-29,4,2,1,1,Ruling,,,,,,,,,,Party B,2,1,1,0,0,0,0,0,0,2.6666666666666665,Treatment 2,2
1,40-49,2,2,0,1,,,,,,,,,,,Party D,2,2,1,0,0,0,1,0,0,2.6666666666666665,Treatment 2,1
0,30-39,3,1,0,1,Opposition,,,,,,,,,,Party A,2,3,0,1,1,0,0,1,0,1.3333333333333333,Treatment 1,5
1,40-49,3,4,0,1,Ruling,,,,,,,,,,Party A,1,2,0,1,0,0,0,1,0,1.6666666666666667,Treatment 2,3
0,60-69,3,4,1,1,Opposition,,,,,,,,,,Other,2,2,1,0,0,0,1,0,0,3.6666666666666665,Treatment 1,4
0,50-59,4,4,0,1,Ruling,,,,,,,,,,Party B,2,0,0,0,0,0,0,0,0,2.6666666666666665,Treatment 1,3
1,18-29,4,2,0,1,Independent,,,,,,,,,,Party B,3,2,1,0,0,0,0,1,0,1,Treatment 2,3
1,40-49,2,3,1,0,,0,0,0,0,1,0,0,0,0,No PID,0,2,1,0,0,0,1,0,0,5,Control,4
0,40-49,2,2,0,1,Ruling,,,,,,,,,,Party C,2,1,1,0,0,0,0,0,0,3.3333333333333335,Control,1
0,30-39,4,3,1,0,,0,0,1,0,0,0,0,0,0,Party B,2,2,1,0,0,0,1,0,0,4,Treatment 1,2
1,60-69,4,3,0,1,Opposition,,,,,,,,,,Party B,2,2,1,0,0,0,1,0,0,4,Control,4
0,50-59,4,4,0,0,,0,0,0,0,0,0,0,0,0,No PID,0,0,0,0,0,0,0,0,0,5,Control,2
0,60-69,2,2,1,1,,,,,,,,,,,,,,,,,,,,,3,Treatment 2,1
1,40-49,4,4,1,1,Ruling,,,,,,,,,,Party A,2,1,0,0,0,0,0,1,0,1,Treatment 1,5
1,40-49,4,4,0,1,Opposition,,,,,,,,,,Party D,1,0,0,0,0,0,0,0,0,2,Treatment 1,2
0,60-69,4,3,0,1,Ruling,,,,,,,,,,Party B,2,1,1,0,0,0,0,0,0,2,Treatment 2,2
1,30-39,2,4,0,1,Ruling,,,,,,,,,,Party C,3,1,0,0,0,0,0,1,0,2.3333333333333335,Treatment 2,1
1,40-49,2,5,0,0,,0,0,0,0,0,0,0,1,0,No PID,0,0,0,0,0,0,0,0,0,5,Control,3
0,40-49,4,2,0,1,Ruling,,,,,,,,,,Party A,3,3,0,1,1,0,0,1,0,3.3333333333333335,Treatment 1,1
1,40-49,2,4,0,1,,,,,,,,,,,,,0,0,0,0,0,0,0,0,1.3333333333333333,Treatment 1,3
1,50-59,2,6,0,0,,0,0,0,0,0,0,0,0,1,Party A,3,1,0,0,0,0,0,1,0,1.6666666666666667,Treatment 2,3
0,70-,4,4,0,1,Ruling,,,,,,,,,,Party B,2,1,1,0,0,0,0,0,0,2.6666666666666665,Treatment 2,2
1,70-,4,3,0,1,Opposition,,,,,,,,,,Other,3,4,0,1,1,0,1,1,0,1,Treatment 2,3
0,70-,3,6,0,1,Opposition,,,,,,,,,,Party C,2,5,1,1,1,1,1,0,0,3.6666666666666665,Treatment 1,1
1,70-,4,6,1,1,,,,,,,,,,,,,,,,,,,,,3,Treatment 1,5
1,40-49,3,2,0,1,,,,,,,,,,,,,0,0,0,0,0,0,0,0,2.3333333333333335,Treatment 2,2
1,60-69,4,4,0,1,Opposition,,,,,,,,,,No PID,0,0,0,0,0,0,0,0,0,3.3333333333333335,Control,1
0,60-69,3,3,0,0,,0,0,0,0,0,0,0,1,0,Party C,2,1,0,0,0,0,1,0,0,2.3333333333333335,Treatment 1,4
1,50-59,4,2,0,1,Independent,,,,,,,,,,Party B,2,0,0,0,0,0,0,0,0,3.3333333333333335,Control,3
0,70-,2,5,0,1,Ruling,,,,,,,,,,Party A,2,1,0,0,0,1,0,0,0,3,Control,4
0,50-59,4,4,0,1,Ruling,,,,,,,,,,Party A,1,2,0,0,0,0,1,1,0,2.3333333333333335,Treatment 2,1
0,70-,4,3,0,1,Ruling,,,,,,,,,,Party A,2,1,0,0,0,0,0,1,0,2.6666666666666665,Control,2
0,60-69,4,3,0,1,Ruling,,,,,,,,,,Party A,3,0,0,0,0,0,0,0,0,3,Treatment 1,5
1,70-,2,4,1,0,,0,0,0,1,0,0,0,0,0,,,,,,,,,,,3,Treatment 1,1
0,50-59,3,5,1,1,Opposition,,,,,,,,,,Party C,2,3,1,0,0,1,1,0,0,2,Control,4
0,30-39,4,5,0,1,,,,,,,,,,,Party D,1,1,1,0,0,0,0,0,0,3,Treatment 2,5
0,40-49,2,2,0,1,Ruling,,,,,,,,,,No PID,0,0,0,0,0,0,0,0,0,4,Control,2
1,40-49,3,3,0,1,Ruling,,,,,,,,,,Party B,2,1,1,0,0,0,0,0,0,2.6666666666666665,Treatment 2,1
0,60-69,4,4,0,1,Opposition,,,,,,,,,,,,0,0,0,0,0,0,0,0,2.3333333333333335,Treatment 1,4
1,30-39,2,6,0,1,Ruling,,,,,,,,,,Party A,2,3,0,1,1,0,0,1,0,1,Control,1
0,30-39,1,3,1,1,Opposition,,,,,,,,,,Party C,2,0,0,0,0,0,0,0,0,4.333333333333333,Treatment 1,3
1,50-59,1,1,0,1,Ruling,,,,,,,,,,Party A,2,3,0,1,1,0,0,1,0,2.6666666666666665,Control,3
1,60-69,2,2,0,1,Ruling,,,,,,,,,,Party A,3,3,0,1,1,0,0,1,0,2,Control,2
0,18-29,2,6,1,0,,0,0,0,0,0,0,0,0,0,Party B,2,0,0,0,0,0,0,0,0,4,Control,1
0,30-39,2,2,0,1,Ruling,,,,,,,,,,,,0,0,0,0,0,0,0,0,2.3333333333333335,Treatment 2,1
0,40-49,4,4,0,1,Opposition,,,,,,,,,,Party A,2,3,0,1,0,0,1,1,0,4,Control,4
0,50-59,3,2,0,1,Ruling,,,,,,,,,,Party A,2,1,0,0,0,0,0,1,0,2.6666666666666665,Treatment 2,2
0,60-69,4,2,0,0,,0,0,0,0,0,1,0,0,0,No PID,0,3,1,0,0,1,1,0,0,4.333333333333333,Treatment 2,3
1,40-49,2,3,0,0,,0,0,0,0,1,0,0,0,0,,,0,0,0,0,0,0,0,0,3,Control,1
1,60-69,3,3,0,1,Ruling,,,,,,,,,,Party A,1,5,0,1,1,1,1,1,0,3.6666666666666665,Treatment 1,5
1,70-,3,5,0,0,,0,0,0,0,0,0,0,1,0,Party F,2,2,1,0,0,0,1,0,0,3.6666666666666665,Treatment 1,1
1,70-,4,1,1,1,Opposition,,,,,,,,,,Party C,2,0,0,0,0,0,0,0,0,3,Treatment 2,2
1,60-69,2,4,0,0,,0,0,0,1,0,0,0,0,0,Party C,2,1,0,0,0,1,0,0,0,2.3333333333333335,Control,1
1,40-49,2,3,0,1,Opposition,,,,,,,,,,No PID,0,0,0,0,0,0,0,0,0,4,Control,1
0,60-69,4,2,0,0,,0,0,0,0,0,1,0,0,0,Party A,2,1,0,0,0,0,0,1,0,5,Treatment 2,5
1,70-,2,5,0,1,Opposition,,,,,,,,,,No PID,0,0,0,0,0,0,0,0,0,3.3333333333333335,Treatment 1,2
0,50-59,2,2,0,1,Opposition,,,,,,,,,,Party D,2,3,1,0,0,0,1,1,0,2.3333333333333335,Treatment 1,5
1,30-39,4,6,1,1,Opposition,,,,,,,,,,No PID,0,6,1,1,1,1,1,1,0,1,Treatment 1,3
0,60-69,4,3,1,1,Ruling,,,,,,,,,,Party A,2,0,0,0,0,0,0,0,0,3,Control,4
1,30-39,4,3,0,1,Ruling,,,,,,,,,,Party A,1,3,0,1,1,0,1,0,0,1.3333333333333333,Treatment 2,5
0,40-49,2,2,1,1,,,,,,,,,,,,,0,0,0,0,0,0,0,0,3,Control,3
0,60-69,3,1,1,1,,,,,,,,,,,,,1,0,0,0,0,0,1,0,3,Treatment 2,5
1,30-39,2,2,1,1,Ruling,,,,,,,,,,Party C,2,0,0,0,0,0,0,0,0,2.3333333333333335,Control,1
1,18-29,4,2,1,1,Ruling,,,,,,,,,,Party A,2,1,0,0,0,0,0,1,0,3,Treatment 1,3
0,18-29,4,4,0,1,Opposition,,,,,,,,,,,,2,1,0,0,0,1,0,0,3.3333333333333335,Control,3
1,50-59,4,4,0,1,,,,,,,,,,,No PID,0,1,1,0,0,0,0,0,0,3.3333333333333335,Treatment 2,2
0,18-29,4,2,0,1,Opposition,,,,,,,,,,Party D,2,3,0,1,1,0,0,1,0,3.3333333333333335,Control,4
0,50-59,4,3,0,1,Opposition,,,,,,,,,,Party C,2,1,0,0,0,0,1,0,0,3.6666666666666665,Control,3
0,70-,2,6,1,1,Ruling,,,,,,,,,,Party A,1,3,0,1,1,0,0,1,0,3,Control,3
0,40-49,2,2,1,1,Ruling,,,,,,,,,,Party A,2,1,0,0,0,0,0,1,0,1.3333333333333333,Control,4
0,60-69,4,2,1,1,Opposition,,,,,,,,,,Party C,2,2,0,0,1,0,1,0,0,3,Treatment 2,2
0,50-59,3,2,0,1,Ruling,,,,,,,,,,Party A,2,3,0,1,1,0,0,1,0,2.6666666666666665,Treatment 1,1
1,30-39,4,2,0,1,Ruling,,,,,,,,,,Party C,2,1,0,0,0,1,0,0,0,1.3333333333333333,Treatment 2,3
1,70-,4,1,0,1,Ruling,,,,,,,,,,Party A,2,2,0,1,0,0,0,1,0,2.3333333333333335,Treatment 1,1
0,50-59,4,2,0,0,,0,0,0,0,0,0,0,1,0,No PID,0,1,0,0,0,0,1,0,0,3.6666666666666665,Treatment 1,5
1,60-69,4,3,0,1,Ruling,,,,,,,,,,Party A,3,1,0,0,0,0,0,1,0,3.6666666666666665,Treatment 1,2
1,18-29,4,4,0,0,,0,0,0,0,0,0,0,0,0,Party A,2,0,0,0,0,0,0,0,0,4,Treatment 1,5
1,30-39,3,2,0,1,Ruling,,,,,,,,,,Party A,3,5,0,1,1,1,1,1,0,2,Treatment 2,2
1,50-59,2,3,0,1,Ruling,,,,,,,,,,Party A,2,3,0,1,1,0,0,1,0,2,Treatment 2,3
0,70-,2,2,0,1,Ruling,,,,,,,,,,Party F,2,0,0,0,0,0,0,0,0,5,Treatment 1,5
0,70-,3,3,0,1,Opposition,,,,,,,,,,Party C,1,1,0,0,0,0,1,0,0,1.6666666666666667,Treatment 2,2
0,30-39,3,2,0,1,Ruling,,,,,,,,,,Other,1,1,0,0,0,0,1,0,0,3,Treatment 1,5
1,30-39,4,1,1,1,Ruling,,,,,,,,,,,,,,,,,,,,3,Control,2
0,50-59,3,3,0,1,Ruling,,,,,,,,,,Party A,2,,,,,,,,,3.6666666666666665,Treatment 2,1
1,18-29,4,1,0,1,Independent,,,,,,,,,,Party C,1,1,0,0,0,0,0,1,0,2.3333333333333335,Treatment 1,3
1,50-59,4,2,1,0,,0,0,1,0,0,0,0,0,0,Party A,2,0,0,0,0,0,0,0,0,3,Control,3
0,18-29,4,6,0,1,Ruling,,,,,,,,,,Party A,2,2,0,0,0,0,1,1,0,3.6666666666666665,Control,2
0,60-69,4,5,0,1,Ruling,,,,,,,,,,Party C,2,3,0,0,1,1,0,1,0,3,Treatment 2,1
1,70-,3,6,0,1,Ruling,,,,,,,,,,Party A,2,2,0,1,1,0,0,0,0,3.3333333333333335,Treatment 1,3
1,60-69,4,3,1,1,Ruling,,,,,,,,,,Party A,2,5,0,1,1,1,1,1,0,3,Treatment 2,4
0,60-69,2,2,0,1,Ruling,,,,,,,,,,Party A,2,2,0,1,0,0,0,1,0,2.3333333333333335,Treatment 1,2
1,60-69,2,2,0,1,Opposition,,,,,,,,,,Party D,2,4,0,1,1,0,1,1,0,1.6666666666666667,Control,2
0,60-69,2,2,0,1,Ruling,,,,,,,,,,No PID,0,0,0,0,0,0,0,0,0,2.6666666666666665,Treatment 1,2
0,70-,4,6,0,1,Opposition,,,,,,,,,,,,0,0,0,0,0,0,0,0,4,Control,4
0,70-,3,5,0,1,Ruling,,,,,,,,,,Party A,3,2,0,0,0,1,0,1,0,1,Treatment 2,2
1,30-39,3,3,0,1,Ruling,,,,,,,,,,Party A,2,0,0,0,0,0,0,0,0,3.6666666666666665,Treatment 2,2
1,70-,2,4,1,1,Opposition,,,,,,,,,,Party C,2,1,0,0,0,0,1,0,0,3,Treatment 2,2
1,18-29,4,3,0,1,,,,,,,,,,,,,,,,,,,,,2.3333333333333335,Treatment 2,1
0,70-,4,4,0,1,Ruling,,,,,,,,,,Party D,2,1,0,0,0,0,1,0,0,2.6666666666666665,Treatment 1,4
1,18-29,4,1,1,1,,,,,,,,,,,No PID,0,,,,,,,,,3,Treatment 1,4
0,50-59,4,2,0,1,Opposition,,,,,,,,,,No PID,0,2,1,0,0,0,1,0,0,1,Treatment 1,3
1,50-59,3,5,0,1,Ruling,,,,,,,,,,Party A,3,1,0,0,0,0,0,1,0,3,Control,4
0,18-29,4,5,0,1,Opposition,,,,,,,,,,Party C,3,3,1,0,0,1,1,0,0,1.6666666666666667,Control,3
0,60-69,2,5,0,1,Ruling,,,,,,,,,,Party B,2,2,1,0,0,0,1,0,0,3,Control,2
0,18-29,3,3,1,0,,0,1,0,0,0,0,0,0,0,,,0,0,0,0,0,0,0,0,3.3333333333333335,Control,1
1,60-69,4,1,0,0,,0,1,0,0,1,0,0,0,0,,,1,0,0,0,0,1,0,0,3.3333333333333335,Treatment 2,2
1,70-,3,2,1,0,,0,0,0,0,1,0,0,0,0,No PID,0,,,,,,,,,3,Control,1
0,30-39,3,6,1,1,,,,,,,,,,,,,0,0,0,0,0,0,0,0,3,Treatment 1,4
0,18-29,2,5,0,1,Independent,,,,,,,,,,Party F,2,2,0,1,0,0,1,0,0,2.3333333333333335,Control,2
1,30-39,4,3,0,0,,0,0,0,0,0,1,0,0,0,Party A,1,0,0,0,0,0,0,0,0,3.6666666666666665,Control,1
0,70-,3,6,0,1,Ruling,,,,,,,,,,,,0,0,0,0,0,0,0,0,2.6666666666666665,Control,3
1,40-49,4,1,0,1,Opposition,,,,,,,,,,Party C,1,1,0,0,0,0,0,1,0,2,Treatment 1,2
1,60-69,4,6,1,1,Opposition,,,,,,,,,,Party C,2,,,,,,,,,3.3333333333333335,Treatment 2,3
0,18-29,2,2,1,0,,0,0,0,0,0,0,0,0,0,Party A,2,1,0,0,0,0,1,0,0,3,Treatment 1,1
1,30-39,2,3,1,1,,,,,,,,,,,Party D,2,4,0,1,1,0,1,1,0,3,Treatment 2,1
0,18-29,4,2,0,1,Ruling,,,,,,,,,,Party B,2,3,0,0,0,0,1,1,1,1.3333333333333333,Treatment 1,3
1,40-49,3,3,1,1,Ruling,,,,,,,,,,,,,,,,,,,,2.3333333333333335,Treatment 1,3
1,70-,4,1,0,1,Ruling,,,,,,,,,,Party A,2,1,0,0,1,0,0,0,0,2.3333333333333335,Treatment 2,5
0,18-29,3,6,0,1,Opposition,,,,,,,,,,Party F,3,2,1,0,0,0,1,0,0,2.3333333333333335,Control,2
0,60-69,3,3,1,0,,0,0,0,0,0,0,0,0,1,,,,,,,,,,,3,Treatment 1,4
1,60-69,2,2,0,1,Opposition,,,,,,,,,,Party F,2,0,0,0,0,0,0,0,0,3,Treatment 1,4
0,18-29,3,3,0,0,,0,0,0,0,0,0,0,0,0,No PID,0,0,0,0,0,0,0,0,0,3,Treatment 1,3
0,60-69,2,4,1,0,,0,1,0,0,0,0,0,0,0,Party A,2,0,0,0,0,0,0,0,0,3,Treatment 2,5
0,40-49,4,3,0,1,Ruling,,,,,,,,,,Party A,2,1,0,0,0,0,0,1,0,2,Control,2
0,18-29,2,2,1,1,Ruling,,,,,,,,,,Party C,1,0,0,0,0,0,0,0,0,5,Treatment 1,5
0,60-69,4,2,0,1,,,,,,,,,,,,,1,0,0,0,0,1,0,0,2,Treatment 1,4
0,30-39,2,2,0,0,,0,1,0,0,1,0,0,0,0,Party F,1,1,1,0,0,0,0,0,0,4,Treatment 1,5
0,50-59,3,3,0,1,Ruling,,,,,,,,,,Party A,2,1,0,0,0,0,0,1,0,4,Control,3
0,60-69,4,3,0,0,,0,0,0,0,0,0,0,1,0,Party A,2,4,0,1,1,0,1,1,0,4.333333333333333,Treatment 1,2
1,40-49,4,4,1,1,Ruling,,,,,,,,,,Party A,2,0,0,0,0,0,0,0,0,3,Treatment 1,1
1,18-29,4,2,0,1,Independent,,,,,,,,,,Party E,2,0,0,0,0,0,0,0,0,3,Control,4
1,40-49,3,4,0,1,Opposition,,,,,,,,,,No PID,0,0,0,0,0,0,0,0,0,3,Control,1
0,50-59,2,2,0,1,Ruling,,,,,,,,,,Party A,2,1,0,0,0,0,0,1,0,3,Control,3
0,60-69,4,4,0,0,,0,0,1,0,0,0,0,0,0,No PID,0,0,0,0,0,0,0,0,0,3,Treatment 2,4
0,30-39,4,6,0,0,,0,0,0,0,0,0,0,1,0,No PID,0,0,0,0,0,0,0,0,0,4.666666666666667,Control,4
1,30-39,4,4,1,1,,,,,,,,,,,No PID,0,0,0,0,0,0,0,0,0,2.6666666666666665,Treatment 1,4
0,18-29,2,2,0,1,Opposition,,,,,,,,,,Party F,3,0,0,0,0,0,0,0,0,4,Treatment 2,2
0,70-,4,3,0,0,,0,0,1,0,0,0,0,0,0,No PID,0,1,0,0,0,0,0,1,0,4,Treatment 1,3
0,30-39,3,3,1,1,Ruling,,,,,,,,,,Party B,2,2,1,0,0,0,1,0,0,4.333333333333333,Control,3
0,40-49,3,3,0,1,Ruling,,,,,,,,,,Party C,2,1,0,0,0,0,0,1,0,4,Treatment 2,5
0,60-69,4,6,0,1,Independent,,,,,,,,,,Other,2,1,1,0,0,0,0,0,0,3,Control,2
0,50-59,2,2,0,1,Ruling,,,,,,,,,,Party B,2,1,0,0,0,0,0,1,0,3.6666666666666665,Control,2
1,60-69,4,4,0,1,Ruling,,,,,,,,,,Party B,2,2,1,0,0,0,0,1,0,4,Treatment 1,4
0,40-49,4,2,0,1,Opposition,,,,,,,,,,No PID,0,1,1,0,0,0,0,0,0,2.6666666666666665,Control,3
1,60-69,4,2,0,0,,0,0,0,0,0,1,0,0,0,Party D,1,2,1,0,0,0,1,0,0,3.3333333333333335,Treatment 2,3
1,18-29,2,4,0,0,,0,1,0,0,0,0,0,0,0,Party B,1,1,0,0,0,1,0,0,0,3,Treatment 2,2
0,70-,4,6,0,1,Ruling,,,,,,,,,,Party A,1,2,0,0,0,0,1,1,0,3.6666666666666665,Treatment 1,1
1,40-49,3,2,1,1,Opposition,,,,,,,,,,Party A,2,2,0,0,0,0,1,1,0,3.6666666666666665,Treatment 1,2
0,50-59,4,5,0,1,Ruling,,,,,,,,,,Party A,2,1,0,0,0,0,0,1,0,1.6666666666666667,Treatment 1,3
1,60-69,4,5,0,0,,0,0,0,1,0,0,0,0,0,,,3,1,0,0,0,1,1,0,3.6666666666666665,Control,1
0,60-69,4,4,0,0,,1,0,0,0,0,0,0,0,0,Party D,2,2,1,0,0,0,1,0,0,1,Treatment 2,2
1,30-39,4,3,0,1,Ruling,,,,,,,,,,Party A,3,5,0,1,1,1,1,1,0,3.6666666666666665,Treatment 2,2
0,30-39,4,2,0,1,Opposition,,,,,,,,,,Party D,2,1,0,0,0,0,1,0,0,2.6666666666666665,Control,2
0,40-49,4,6,0,1,,,,,,,,,,,No PID,0,,,,,,,,,2.6666666666666665,Control,3
1,30-39,2,4,0,1,Ruling,,,,,,,,,,Party A,2,3,0,0,0,1,1,1,0,2.3333333333333335,Control,3
1,60-69,3,2,0,1,Ruling,,,,,,,,,,Party A,2,2,0,0,0,0,1,1,0,4,Control,1
1,70-,3,5,0,1,Ruling,,,,,,,,,,Party A,2,2,0,0,0,0,1,1,0,3.6666666666666665,Control,2
1,50-59,4,4,0,1,Opposition,,,,,,,,,,Party A,2,0,0,0,0,0,0,0,0,3.3333333333333335,Control,2
0,18-29,3,3,0,1,Opposition,,,,,,,,,,Party A,1,3,0,0,0,1,1,1,0,3.6666666666666665,Treatment 1,2
1,30-39,4,2,0,1,,,,,,,,,,,Party B,2,1,1,0,0,0,0,0,0,4.666666666666667,Treatment 2,4
1,60-69,4,6,0,1,Independent,,,,,,,,,,No PID,0,2,1,1,0,0,0,0,0,2.3333333333333335,Treatment 2,3
1,50-59,4,2,0,1,Ruling,,,,,,,,,,Party A,2,3,0,1,0,0,1,1,0,3.3333333333333335,Treatment 1,3
1,18-29,2,3,1,0,,0,0,1,0,0,0,0,0,0,,,,,,,,,,,4.333333333333333,Control,3
0,40-49,3,2,1,1,Ruling,,,,,,,,,,Party A,2,3,0,1,1,0,0,1,0,2.3333333333333335,Treatment 1,2
1,60-69,4,4,0,1,Ruling,,,,,,,,,,Party A,2,2,0,0,1,0,0,1,0,2.3333333333333335,Treatment 1,1
0,18-29,3,3,1,0,,0,0,0,0,0,1,0,0,0,Party D,2,0,0,0,0,0,0,0,0,3,Control,3
0,40-49,4,6,0,1,Opposition,,,,,,,,,,Party D,2,1,0,1,0,0,0,0,0,3.3333333333333335,Treatment 2,4
0,40-49,2,5,0,1,Ruling,,,,,,,,,,Party C,2,1,1,0,0,0,0,0,0,2.6666666666666665,Control,3
0,50-59,3,1,0,1,Ruling,,,,,,,,,,Party A,2,1,0,0,0,0,0,1,0,4.333333333333333,Treatment 2,5
1,70-,4,1,1,1,Ruling,,,,,,,,,,Other,3,0,0,0,0,0,0,0,0,3,Control,3
0,30-39,3,2,0,1,Ruling,,,,,,,,,,Party A,2,1,0,1,0,0,0,0,0,4,Treatment 1,2
0,40-49,3,5,0,1,Ruling,,,,,,,,,,Party A,2,1,0,0,0,0,0,1,0,3.6666666666666665,Treatment 1,4
1,30-39,3,1,0,0,,0,0,0,1,1,1,0,0,0,No PID,0,0,0,0,0,0,0,0,0,4.666666666666667,Control,3
1,30-39,4,3,0,1,Opposition,,,,,,,,,,Party D,2,0,0,0,0,0,0,0,0,2.6666666666666665,Treatment 1,1
0,50-59,2,3,0,1,Ruling,,,,,,,,,,,,1,0,0,0,1,0,0,0,3.6666666666666665,Treatment 1,3
0,60-69,2,4,0,1,Ruling,,,,,,,,,,Party A,2,1,0,0,0,0,0,1,0,1.3333333333333333,Treatment 2,1
1,60-69,2,6,0,0,,0,0,0,0,1,0,0,0,0,Party C,1,4,1,0,0,1,1,1,0,3,Treatment 1,4
1,40-49,3,3,1,0,,0,0,0,0,0,0,0,0,1,No PID,0,0,0,0,0,0,0,0,0,3,Treatment 1,1
1,18-29,4,5,0,0,,0,1,0,0,0,0,0,0,0,Party E,2,0,0,0,0,0,0,0,0,2.6666666666666665,Treatment 2,1
1,50-59,4,6,1,1,Ruling,,,,,,,,,,Party A,2,1,0,0,0,0,0,1,0,3.6666666666666665,Control,3
0,60-69,3,2,0,1,,,,,,,,,,,Party D,1,,,,,,,,,1.3333333333333333,Treatment 1,3
1,60-69,3,3,1,0,,0,0,0,0,0,0,0,0,1,No PID,0,0,0,0,0,0,0,0,0,2.6666666666666665,Control,1
1,18-29,4,1,0,1,Opposition,,,,,,,,,,Party B,2,3,1,0,0,1,1,0,0,3.3333333333333335,Control,1
1,30-39,4,2,0,1,Ruling,,,,,,,,,,Party A,2,2,0,1,0,0,0,1,0,2.3333333333333335,Treatment 1,2
1,70-,2,3,0,1,Independent,,,,,,,,,,Party B,1,2,0,0,0,1,1,0,0,4.333333333333333,Control,3
1,30-39,4,4,0,1,Ruling,,,,,,,,,,Party B,2,3,1,0,0,1,1,0,0,1.6666666666666667,Treatment 1,2
1,50-59,2,5,0,1,Ruling,,,,,,,,,,Party A,3,3,0,1,1,0,0,1,0,2,Treatment 1,1
1,60-69,4,4,0,1,Opposition,,,,,,,,,,Party E,3,2,1,0,0,0,1,0,0,3.3333333333333335,Control,1
0,50-59,4,2,0,1,,,,,,,,,,,Party D,2,1,0,0,0,0,0,1,0,3.3333333333333335,Control,1
0,40-49,4,3,1,1,Ruling,,,,,,,,,,Party A,2,4,0,1,1,1,0,1,0,3.3333333333333335,Control,1
0,60-69,2,3,1,1,Opposition,,,,,,,,,,Party D,2,4,0,1,1,0,1,1,0,2,Treatment 1,3
1,30-39,3,6,0,1,Opposition,,,,,,,,,,Other,1,2,0,0,0,0,1,1,0,3,Control,1
1,70-,4,2,0,1,Ruling,,,,,,,,,,Party A,2,0,0,0,0,0,0,0,0,2.3333333333333335,Treatment 1,4
1,30-39,3,3,0,1,Ruling,,,,,,,,,,Party C,1,0,0,0,0,0,0,0,0,3,Treatment 2,1
1,30-39,2,3,0,0,,0,1,0,0,0,0,0,0,0,Party B,1,0,0,0,0,0,0,0,0,3,Treatment 1,2
1,70-,2,2,0,1,Ruling,,,,,,,,,,Party A,1,4,0,1,1,0,1,1,0,3.6666666666666665,Control,1
1,40-49,3,5,0,1,Ruling,,,,,,,,,,Party B,2,1,1,0,0,0,0,0,0,2,Treatment 1,1
1,50-59,2,1,0,1,Ruling,,,,,,,,,,Party A,2,0,0,0,0,0,0,0,0,2.3333333333333335,Control,1
1,18-29,3,3,0,1,Ruling,,,,,,,,,,Party B,1,0,0,0,0,0,0,0,0,3.3333333333333335,Control,4
0,50-59,2,3,1,1,,,,,,,,,,,Party F,2,1,1,0,0,0,0,0,0,2.3333333333333335,Control,1
0,18-29,2,2,0,1,Opposition,,,,,,,,,,Party D,1,1,0,0,1,0,0,0,0,2.6666666666666665,Control,2
0,70-,4,6,1,0,,0,0,0,0,0,0,0,0,0,Party D,3,,,,,,,,,3,Control,4
1,30-39,2,3,0,1,Opposition,,,,,,,,,,Party A,2,4,0,1,1,0,1,1,0,3,Treatment 1,1
0,40-49,4,3,0,1,Opposition,,,,,,,,,,Party C,2,3,1,0,0,1,1,0,0,1.6666666666666667,Treatment 1,3
0,30-39,4,4,1,1,Ruling,,,,,,,,,,,,,,,,,,,,3,Treatment 1,1
0,40-49,2,6,1,1,Ruling,,,,,,,,,,Party D,1,1,0,0,1,0,0,0,0,4.333333333333333,Treatment 2,3
0,18-29,4,3,0,1,Independent,,,,,,,,,,Party F,2,0,0,0,0,0,0,0,0,3,Treatment 2,3
1,50-59,4,5,0,1,Independent,,,,,,,,,,Party A,2,1,0,0,0,0,0,1,0,3.6666666666666665,Control,2
1,70-,2,4,0,1,Ruling,,,,,,,,,,Party B,2,2,0,0,0,0,1,1,0,4,Control,4
1,18-29,4,2,1,1,,,,,,,,,,,,,1,0,0,0,0,0,1,0,3,Treatment 2,2
1,70-,4,1,0,1,Independent,,,,,,,,,,Party D,1,0,0,0,0,0,0,0,0,2.3333333333333335,Control,3
1,50-59,3,5,0,1,Opposition,,,,,,,,,,Party D,2,1,0,0,0,0,1,0,0,2.6666666666666665,Treatment 2,5
1,50-59,4,4,0,0,,0,0,0,0,0,0,0,1,0,Party C,2,2,1,0,0,0,1,0,0,2,Control,4
0,50-59,3,2,0,1,Ruling,,,,,,,,,,Party A,2,2,0,0,0,1,1,0,0,2,Control,2
0,40-49,2,1,0,1,Opposition,,,,,,,,,,Party A,1,1,0,0,0,0,1,0,0,3.3333333333333335,Control,1
0,60-69,4,6,0,1,Ruling,,,,,,,,,,Party A,2,2,0,1,0,0,0,1,0,2,Treatment 2,4
0,50-59,3,4,1,1,Ruling,,,,,,,,,,Party B,2,4,0,0,1,1,1,1,0,2.6666666666666665,Control,4
1,18-29,3,5,1,0,,0,0,0,0,0,0,0,1,0,Party C,1,1,1,0,0,0,0,0,0,3,Treatment 1,3
0,18-29,4,3,1,1,Ruling,,,,,,,,,,Party A,2,1,0,1,0,0,0,0,0,3.3333333333333335,Treatment 1,1
1,50-59,3,5,0,1,Independent,,,,,,,,,,,,1,1,0,0,0,0,0,0,2,Treatment 2,3
0,30-39,3,2,0,1,Ruling,,,,,,,,,,Party B,2,3,1,0,0,0,1,1,0,2.3333333333333335,Control,3
0,18-29,1,2,0,0,,0,0,0,1,0,1,1,0,0,No PID,0,0,0,0,0,0,0,0,0,5,Control,3
1,40-49,4,2,0,1,,,,,,,,,,,Party F,1,0,0,0,0,0,0,0,0,2.6666666666666665,Treatment 2,5
1,50-59,4,4,0,0,,0,0,1,0,0,0,0,0,0,Party A,3,1,0,0,0,0,0,1,0,2.6666666666666665,Control,4
0,50-59,4,4,0,1,,,,,,,,,,,,,,,,,,,,,3,Treatment 2,1
0,40-49,4,3,0,1,Ruling,,,,,,,,,,Party C,2,1,0,0,0,0,0,1,0,2.3333333333333335,Treatment 2,3
0,50-59,2,2,0,1,Ruling,,,,,,,,,,Party A,2,5,0,1,1,1,1,1,0,2.6666666666666665,Treatment 2,4
0,50-59,4,2,1,1,Opposition,,,,,,,,,,,,0,0,0,0,0,0,0,0,3,Treatment 1,1
0,30-39,4,6,0,0,,0,0,0,0,1,1,1,0,0,,,0,0,0,0,0,0,0,0,2.6666666666666665,Treatment 2,2
0,60-69,4,1,0,1,Ruling,,,,,,,,,,Party A,2,1,0,0,0,0,0,1,0,3.6666666666666665,Control,1
0,70-,2,2,0,1,Opposition,,,,,,,,,,Party C,2,2,1,0,0,0,1,0,0,3,Treatment 1,5
1,70-,4,2,0,1,Ruling,,,,,,,,,,Party B,2,2,1,0,0,0,1,0,0,3,Control,3
1,40-49,4,3,0,1,,,,,,,,,,,,,0,0,0,0,0,0,0,0,3.6666666666666665,Treatment 2,2
1,50-59,2,2,0,1,Ruling,,,,,,,,,,Party A,2,3,0,1,1,0,0,1,0,1.3333333333333333,Treatment 2,5
1,40-49,4,1,1,1,Ruling,,,,,,,,,,Party B,3,1,1,0,0,0,0,0,0,2.3333333333333335,Treatment 1,3
0,70-,4,5,1,1,,,,,,,,,,,No PID,0,1,1,0,0,0,0,0,0,1.6666666666666667,Treatment 2,3
0,18-29,4,3,1,1,Ruling,,,,,,,,,,Party A,2,3,0,1,1,0,0,1,0,2,Treatment 1,3
1,50-59,4,1,1,0,,0,0,0,0,0,0,0,1,0,Party F,2,4,1,0,1,0,1,1,0,3.3333333333333335,Treatment 1,3
0,50-59,4,2,1,1,Opposition,,,,,,,,,,No PID,0,1,0,0,0,0,0,1,0,3,Treatment 1,2
0,18-29,2,3,0,1,Ruling,,,,,,,,,,No PID,0,3,1,0,0,0,1,1,0,4,Control,1
0,30-39,4,5,0,1,Opposition,,,,,,,,,,Party D,2,1,0,0,0,0,0,1,0,3,Treatment 1,4
1,30-39,2,3,0,1,Opposition,,,,,,,,,,Party C,1,2,0,0,0,1,1,0,0,3.3333333333333335,Treatment 2,1
0,70-,2,5,0,1,Ruling,,,,,,,,,,Party A,2,4,0,1,1,0,1,1,0,2,Treatment 1,5
1,30-39,4,2,0,0,,0,1,0,0,0,0,0,0,0,Party A,1,0,0,0,0,0,0,0,0,4.333333333333333,Treatment 2,2
1,18-29,4,2,0,1,Opposition,,,,,,,,,,Party D,1,2,0,0,0,0,1,1,0,4.666666666666667,Treatment 2,4
1,60-69,4,1,1,1,,,,,,,,,,,,,,,,,,,,,3,Treatment 1,1
1,70-,3,2,0,1,Opposition,,,,,,,,,,Party C,1,3,1,0,0,1,1,0,0,2,Control,2
1,60-69,4,6,0,1,Ruling,,,,,,,,,,Party A,2,1,0,1,0,0,0,0,0,1,Control,2
0,30-39,4,3,0,1,Ruling,,,,,,,,,,Party C,1,1,0,0,0,0,1,0,0,2.3333333333333335,Treatment 1,1
1,30-39,4,6,0,0,,0,0,0,0,1,0,0,0,0,No PID,0,2,0,0,0,0,1,1,0,4.333333333333333,Control,3
0,50-59,4,4,1,0,,0,0,0,0,0,1,0,0,0,No PID,0,,,,,,,,,3.3333333333333335,Control,4
1,50-59,4,6,1,0,,0,0,0,1,0,0,0,0,0,Party A,3,1,0,0,0,0,0,1,0,3.6666666666666665,Control,2
1,40-49,4,5,0,1,,,,,,,,,,,Party B,1,1,1,0,0,0,0,0,0,1.6666666666666667,Control,2
0,60-69,4,6,0,0,,0,0,1,0,0,0,0,0,0,Party A,2,0,0,0,0,0,0,0,0,2.6666666666666665,Treatment 2,4
0,70-,4,1,0,1,Ruling,,,,,,,,,,No PID,0,1,1,0,0,0,0,0,0,3.3333333333333335,Treatment 1,5
1,50-59,3,6,0,1,Opposition,,,,,,,,,,Other,2,1,0,0,0,0,1,0,0,2.6666666666666665,Control,1
0,50-59,4,4,0,1,Opposition,,,,,,,,,,Party D,3,1,0,0,0,0,0,1,0,2,Treatment 1,1
1,50-59,2,6,0,1,Opposition,,,,,,,,,,Party C,1,1,0,0,0,0,1,0,0,2.3333333333333335,Treatment 1,3
1,60-69,2,3,0,1,Ruling,,,,,,,,,,Party F,1,2,1,0,0,0,1,0,0,2.3333333333333335,Control,2
0,70-,4,4,0,1,Independent,,,,,,,,,,No PID,0,1,1,0,0,0,0,0,0,3,Treatment 1,3
1,50-59,4,2,0,1,Ruling,,,,,,,,,,Party A,2,0,0,0,0,0,0,0,0,2.6666666666666665,Treatment 2,5
0,50-59,4,1,0,1,Ruling,,,,,,,,,,Party C,3,1,0,0,0,0,0,1,0,1,Control,4
0,70-,4,2,0,1,Ruling,,,,,,,,,,Party A,3,3,0,1,1,0,0,1,0,3.3333333333333335,Treatment 1,3
0,30-39,2,4,0,1,Ruling,,,,,,,,,,Party A,3,2,0,1,1,0,0,0,0,1.6666666666666667,Treatment 1,3
1,18-29,3,2,0,1,Opposition,,,,,,,,,,,,0,0,0,0,0,0,0,0,2.3333333333333335,Treatment 2,5
0,40-49,3,1,0,0,,1,0,0,0,0,0,0,0,0,Party B,1,3,1,0,0,1,1,0,0,4,Treatment 2,5
1,40-49,4,4,0,0,,0,0,0,0,0,0,0,1,0,Party A,2,,,,,,,,,2.6666666666666665,Control,2
1,70-,4,4,1,1,,,,,,,,,,,,,,,,,,,,,3,Treatment 1,2
0,70-,2,2,0,1,Ruling,,,,,,,,,,Party A,2,4,0,1,1,0,1,1,0,4,Treatment 2,1
0,70-,4,5,0,1,Ruling,,,,,,,,,,Party A,2,2,0,1,0,0,0,1,0,2.6666666666666665,Control,2
0,30-39,2,1,0,1,,,,,,,,,,,No PID,0,0,0,0,0,0,0,0,0,3,Treatment 1,4
1,50-59,4,2,0,1,Ruling,,,,,,,,,,Party A,2,1,0,1,0,0,0,0,0,3,Treatment 2,4
0,50-59,4,5,0,1,Ruling,,,,,,,,,,Party A,2,5,0,1,1,0,1,1,1,2.6666666666666665,Treatment 2,5
1,50-59,2,2,0,1,Ruling,,,,,,,,,,Party A,2,1,0,0,0,0,0,1,0,3,Treatment 1,3
0,30-39,4,5,0,1,Ruling,,,,,,,,,,Party A,1,1,0,0,1,0,0,0,0,3,Control,1
1,18-29,2,6,1,0,,0,1,0,0,0,0,0,0,0,Other,3,0,0,0,0,0,0,0,0,3.6666666666666665,Treatment 1,5
0,18-29,4,3,1,0,,0,0,0,0,1,1,0,0,0,Party F,1,1,0,0,0,0,1,0,0,1,Treatment 2,3
1,60-69,3,2,0,0,,0,0,0,1,0,0,0,0,0,No PID,0,0,0,0,0,0,0,0,0,4.333333333333333,Treatment 1,3
0,50-59,1,2,0,1,Opposition,,,,,,,,,,Party D,2,1,0,0,0,0,0,1,0,3.6666666666666665,Treatment 2,3
1,40-49,4,4,0,0,,0,0,0,0,0,0,1,0,0,,,,,,,,,,,5,Control,3
0,70-,3,2,0,1,Ruling,,,,,,,,,,Party A,2,4,0,1,1,0,1,1,0,2,Control,4
1,70-,3,2,0,1,Opposition,,,,,,,,,,Party C,2,0,0,0,0,0,0,0,0,2,Treatment 2,5
0,18-29,4,3,0,1,Opposition,,,,,,,,,,Party C,1,0,0,0,0,0,0,0,0,5,Control,2
0,30-39,4,4,0,1,Opposition,,,,,,,,,,No PID,0,0,0,0,0,0,0,0,0,3.6666666666666665,Control,1
0,70-,2,3,1,0,,0,0,0,0,1,1,0,0,0,No PID,0,0,0,0,0,0,0,0,0,3,Control,2
1,50-59,2,1,0,1,Ruling,,,,,,,,,,Party A,2,2,0,0,1,0,1,0,0,2.6666666666666665,Treatment 1,5
0,60-69,1,5,1,1,Opposition,,,,,,,,,,No PID,0,2,1,0,0,0,1,0,0,3.6666666666666665,Control,4
0,18-29,2,1,0,1,Ruling,,,,,,,,,,Party A,1,,,,,,,,,3,Treatment 2,2
0,60-69,4,2,1,1,Ruling,,,,,,,,,,No PID,0,0,0,0,0,0,0,0,0,3,Control,3
0,30-39,2,6,0,1,Ruling,,,,,,,,,,Party B,2,0,0,0,0,0,0,0,0,1.6666666666666667,Treatment 2,5
1,40-49,2,2,1,1,Ruling,,,,,,,,,,Party C,1,1,0,0,0,0,0,1,0,2.3333333333333335,Treatment 2,4
1,18-29,4,1,1,1,,,,,,,,,,,Party E,2,1,0,0,0,0,1,0,0,1.6666666666666667,Control,3
1,18-29,4,3,0,1,,,,,,,,,,,Party A,2,2,0,0,1,0,0,1,0,3,Treatment 2,1
1,60-69,4,2,0,1,Ruling,,,,,,,,,,Party A,2,0,0,0,0,0,0,0,0,3.3333333333333335,Treatment 2,3
0,40-49,3,2,0,1,,,,,,,,,,,Party A,2,4,0,1,1,0,1,1,0,3.6666666666666665,Control,3
1,30-39,3,3,0,0,,0,0,0,0,0,1,0,0,0,No PID,0,0,0,0,0,0,0,0,0,4,Treatment 1,4
1,60-69,2,1,0,1,,,,,,,,,,,Party F,1,6,1,1,1,1,1,1,0,2.6666666666666665,Control,1
1,70-,4,4,0,1,Ruling,,,,,,,,,,Party A,2,1,0,0,0,0,0,1,0,4.333333333333333,Treatment 2,4
0,18-29,4,5,0,1,,,,,,,,,,,Party D,1,0,0,0,0,0,0,0,0,3,Control,4
1,60-69,2,1,0,0,,0,0,0,0,0,0,0,1,0,No PID,0,2,0,0,0,0,1,1,0,4.333333333333333,Control,2
1,30-39,4,1,1,1,Ruling,,,,,,,,,,Party A,2,2,0,0,0,1,0,1,0,2,Control,4
0,50-59,2,5,0,1,Ruling,,,,,,,,,,Party E,2,1,0,0,0,1,0,0,0,4.333333333333333,Control,3
0,70-,2,6,0,1,Opposition,,,,,,,,,,Other,2,4,1,1,1,0,1,0,0,1.3333333333333333,Control,4
0,40-49,4,6,0,1,,,,,,,,,,,No PID,0,0,0,0,0,0,0,0,0,4.666666666666667,Treatment 1,2
0,60-69,3,5,1,1,Ruling,,,,,,,,,,,,0,0,0,0,0,0,0,0,3,Treatment 1,5
0,60-69,2,4,0,1,Ruling,,,,,,,,,,Party B,2,2,1,0,0,1,0,0,0,3.3333333333333335,Control,3
0,18-29,4,6,0,1,Ruling,,,,,,,,,,Party B,2,0,0,0,0,0,0,0,0,1,Control,1
0,70-,1,3,0,1,Ruling,,,,,,,,,,Party A,2,3,0,1,1,0,0,1,0,3,Control,2
0,40-49,4,3,0,1,Ruling,,,,,,,,,,Party A,2,0,0,0,0,0,0,0,0,3.3333333333333335,Treatment 2,5
1,40-49,4,5,0,1,Ruling,,,,,,,,,,Party D,2,1,1,0,0,0,0,0,0,4,Treatment 1,4
0,18-29,4,3,1,0,,0,1,0,0,1,1,0,0,0,,,0,0,0,0,0,0,0,0,4.333333333333333,Control,4
1,18-29,4,6,0,0,,0,0,0,1,1,0,0,0,0,No PID,0,2,0,1,1,0,0,0,0,3.3333333333333335,Treatment 1,3
1,40-49,4,5,0,0,,0,0,0,0,0,0,1,0,0,Party B,2,2,1,0,0,0,0,1,0,4,Control,4
0,70-,3,3,1,0,,0,1,0,0,0,0,0,0,0,No PID,0,0,0,0,0,0,0,0,0,3,Treatment 2,4
1,50-59,4,4,0,1,Opposition,,,,,,,,,,No PID,0,0,0,0,0,0,0,0,0,3,Treatment 1,3
0,70-,4,4,1,0,,0,0,0,0,0,1,0,0,0,Party A,2,1,0,0,0,0,1,0,0,3,Treatment 2,1
1,70-,4,2,0,1,Opposition,,,,,,,,,,Party D,2,1,0,0,0,0,0,1,0,3.3333333333333335,Treatment 2,4
1,70-,2,6,0,1,Ruling,,,,,,,,,,Party E,3,3,1,0,0,1,1,0,0,2.3333333333333335,Control,1
1,40-49,4,2,1,1,Ruling,,,,,,,,,,Party B,2,3,1,0,0,1,1,0,0,3.3333333333333335,Treatment 1,3
1,40-49,3,5,0,1,Ruling,,,,,,,,,,Party A,2,2,0,1,1,0,0,0,0,2.3333333333333335,Treatment 2,1
1,70-,4,1,1,1,Ruling,,,,,,,,,,Party A,2,2,0,1,0,0,0,1,0,1.3333333333333333,Control,1
1,60-69,3,4,0,1,Ruling,,,,,,,,,,Party A,2,3,0,1,1,0,0,1,0,3,Control,1
0,60-69,4,3,0,1,Opposition,,,,,,,,,,Party C,1,3,1,0,0,1,1,0,0,1.6666666666666667,Treatment 1,2
1,60-69,2,3,1,1,Independent,,,,,,,,,,Party B,2,3,1,0,0,1,1,0,0,3.6666666666666665,Control,3
0,60-69,4,3,0,0,,0,0,0,0,0,0,0,1,0,No PID,0,5,0,1,1,1,1,1,0,2.6666666666666665,Control,1
1,50-59,4,1,0,0,,0,1,0,0,0,0,0,0,0,No PID,0,0,0,0,0,0,0,0,0,2.6666666666666665,Treatment 1,1
1,40-49,4,1,1,1,Ruling,,,,,,,,,,Party A,2,1,0,0,0,0,0,1,0,2.6666666666666665,Control,3
0,70-,1,2,0,1,Ruling,,,,,,,,,,Party B,2,3,0,0,0,1,1,1,0,4,Control,2
0,60-69,4,5,0,1,,,,,,,,,,,Party A,2,0,0,0,0,0,0,0,0,4,Treatment 1,4
1,60-69,4,3,0,1,Opposition,,,,,,,,,,Party D,2,3,0,1,0,0,0,1,1,2.6666666666666665,Treatment 1,3
1,18-29,4,4,0,1,Ruling,,,,,,,,,,Party B,1,0,0,0,0,0,0,0,0,3.3333333333333335,Control,3
1,18-29,4,2,0,0,,0,0,0,1,0,0,0,0,0,Party F,2,1,0,1,0,0,0,0,0,4,Treatment 1,4
1,40-49,3,2,0,1,Ruling,,,,,,,,,,Party D,1,0,0,0,0,0,0,0,0,1.3333333333333333,Control,3
0,18-29,3,4,0,1,Opposition,,,,,,,,,,Party D,2,2,0,0,0,0,1,1,0,2.6666666666666665,Treatment 1,1
0,30-39,3,4,0,0,,0,0,1,0,0,0,0,0,0,Party B,2,0,0,0,0,0,0,0,0,2.6666666666666665,Control,2
0,40-49,2,2,0,0,,0,0,0,0,0,0,0,0,0,No PID,0,0,0,0,0,0,0,0,0,4.666666666666667,Treatment 2,5
1,50-59,2,1,1,1,Ruling,,,,,,,,,,Party A,2,5,0,1,1,1,1,1,0,3,Control,4
0,50-59,2,3,1,1,Ruling,,,,,,,,,,Party A,2,1,0,0,0,0,0,1,0,2.3333333333333335,Treatment 2,2
1,18-29,4,3,0,1,Ruling,,,,,,,,,,Party D,1,0,0,0,0,0,0,0,0,3.6666666666666665,Treatment 1,4
1,40-49,3,3,0,1,Ruling,,,,,,,,,,Party A,1,2,0,0,0,0,1,1,0,3.6666666666666665,Treatment 2,2
0,70-,4,3,0,1,Ruling,,,,,,,,,,Party B,2,2,0,0,0,0,1,1,0,2.3333333333333335,Treatment 2,4
1,50-59,3,1,0,1,Ruling,,,,,,,,,,Party A,2,4,0,1,1,0,1,1,0,1,Treatment 1,3
0,60-69,1,2,0,0,,0,0,0,1,0,1,0,0,0,No PID,0,0,0,0,0,0,0,0,0,4.666666666666667,Control,3
0,60-69,2,1,0,0,,0,0,0,0,1,1,0,0,0,Party B,2,1,0,0,0,0,1,0,0,4,Treatment 2,5
1,50-59,4,3,0,0,,0,0,0,0,0,0,0,0,0,No PID,0,0,0,0,0,0,0,0,0,4,Treatment 1,2
1,40-49,4,5,0,1,Ruling,,,,,,,,,,Party D,2,2,1,0,0,0,1,0,0,2.3333333333333335,Treatment 2,3
0,50-59,4,5,0,1,,,,,,,,,,,,,1,1,0,0,0,0,0,0,2.6666666666666665,Treatment 1,4
1,18-29,1,2,0,1,Opposition,,,,,,,,,,Party B,2,2,1,0,0,0,1,0,0,3,Treatment 1,4
0,30-39,4,3,0,0,,0,0,0,0,0,0,0,1,0,,,,,,,,,,,3,Control,2
1,30-39,3,3,0,1,Ruling,,,,,,,,,,Party A,2,1,0,0,0,0,0,1,0,3,Control,4
1,30-39,4,2,1,1,Opposition,,,,,,,,,,Party D,3,3,0,1,1,0,1,0,0,3.6666666666666665,Control,4
0,30-39,4,5,0,1,Ruling,,,,,,,,,,Party A,2,,,,,,,,,2.6666666666666665,Treatment 2,4
0,60-69,2,4,1,0,,0,0,0,0,1,0,0,0,0,Party A,2,2,0,0,1,0,0,1,0,1.6666666666666667,Control,1
0,30-39,2,6,0,1,Ruling,,,,,,,,,,Party A,2,3,0,1,0,0,1,1,0,2.3333333333333335,Treatment 2,4
1,70-,4,5,0,1,Ruling,,,,,,,,,,Party A,1,1,0,1,0,0,0,0,0,1.3333333333333333,Treatment 2,2
0,70-,2,5,0,0,,0,0,0,0,0,0,0,1,0,Party A,1,1,0,0,0,0,0,1,0,3.6666666666666665,Control,4
0,70-,4,2,0,0,,0,0,0,1,1,1,1,0,0,,,,,,,,,,,5,Control,3
0,30-39,3,4,1,1,Ruling,,,,,,,,,,Party E,3,4,1,0,0,1,1,1,0,2,Treatment 1,1
1,30-39,3,3,0,0,,0,0,0,1,0,0,0,0,0,Party A,2,0,0,0,0,0,0,0,0,4.666666666666667,Treatment 2,4
1,50-59,4,2,0,1,Ruling,,,,,,,,,,Party F,2,2,1,0,0,0,1,0,0,2.6666666666666665,Control,2
1,30-39,3,4,1,0,,0,0,0,0,0,1,0,0,0,Party A,2,1,0,0,0,0,0,1,0,3,Treatment 2,4
0,60-69,4,5,0,1,,,,,,,,,,,No PID,0,,,,,,,,,2.3333333333333335,Treatment 2,3
1,60-69,4,1,1,1,,,,,,,,,,,,,,,,,,,,,3,Control,4
0,70-,4,6,1,0,,0,0,0,0,0,1,0,0,0,,,,,,,,,,,3,Control,3
0,50-59,4,3,0,1,Ruling,,,,,,,,,,Party A,2,3,0,1,1,0,1,0,0,2.6666666666666665,Control,3
0,18-29,3,1,0,1,Ruling,,,,,,,,,,No PID,0,1,0,0,0,0,1,0,0,4.666666666666667,Control,1
1,40-49,4,5,0,1,Ruling,,,,,,,,,,Party A,2,1,0,0,0,0,0,1,0,3.3333333333333335,Control,4
1,70-,2,6,1,1,Ruling,,,,,,,,,,Party A,2,3,0,1,1,0,0,1,0,2.6666666666666665,Treatment 1,2
1,30-39,4,1,0,1,Ruling,,,,,,,,,,Party A,1,2,0,0,0,0,1,1,0,1.3333333333333333,Control,1
0,40-49,4,3,0,1,Ruling,,,,,,,,,,Party A,2,3,0,1,1,0,0,1,0,1.3333333333333333,Control,1
0,70-,4,3,1,1,Ruling,,,,,,,,,,,,2,0,1,0,0,0,1,0,3,Control,4
0,50-59,3,4,0,1,Opposition,,,,,,,,,,Party C,2,3,1,0,0,1,1,0,0,3,Control,4
0,40-49,2,6,0,0,,0,0,1,0,0,0,0,0,0,Party A,2,3,0,1,1,0,0,1,0,1.6666666666666667,Treatment 2,2
1,60-69,2,4,0,1,Ruling,,,,,,,,,,Party B,2,2,1,0,0,0,1,0,0,3,Treatment 2,2
0,70-,4,2,0,1,Ruling,,,,,,,,,,Party A,2,1,0,0,0,0,0,1,0,3.3333333333333335,Control,2
0,40-49,4,2,0,1,Ruling,,,,,,,,,,Party B,2,2,0,0,0,1,1,0,0,2,Treatment 2,5
1,30-39,3,3,0,1,Ruling,,,,,,,,,,Party A,2,1,0,0,0,0,0,1,0,1.3333333333333333,Treatment 2,2
1,40-49,2,2,0,0,,0,0,0,0,0,0,0,0,0,,,0,0,0,0,0,0,0,0,2,Treatment 2,1
1,60-69,4,3,1,0,,0,0,0,0,0,0,0,0,1,,,,,,,,,,,3,Treatment 1,2
0,60-69,4,4,0,1,Ruling,,,,,,,,,,Party A,2,1,0,1,0,0,0,0,0,3.6666666666666665,Treatment 1,3
0,30-39,4,5,0,1,Ruling,,,,,,,,,,Party B,2,1,1,0,0,0,0,0,0,3.6666666666666665,Treatment 2,3
0,30-39,2,3,0,1,Ruling,,,,,,,,,,Party B,2,2,1,0,0,0,1,0,0,3,Treatment 1,1
0,70-,3,5,1,1,Opposition,,,,,,,,,,Party D,2,0,0,0,0,0,0,0,0,3.6666666666666665,Control,3
0,50-59,4,3,0,1,Opposition,,,,,,,,,,Party C,2,2,1,0,0,0,1,0,0,4,Treatment 1,1
0,40-49,3,2,1,1,Ruling,,,,,,,,,,Party A,2,1,0,1,0,0,0,0,0,3,Treatment 1,5
1,18-29,2,6,0,1,Opposition,,,,,,,,,,No PID,0,1,0,0,0,0,1,0,0,2.3333333333333335,Treatment 2,3
0,40-49,3,3,1,1,,,,,,,,,,,No PID,0,,,,,,,,,3,Treatment 2,4
0,50-59,4,3,1,1,Ruling,,,,,,,,,,Party A,2,2,0,1,0,0,0,1,0,2,Treatment 2,2
1,18-29,4,2,0,1,Opposition,,,,,,,,,,Party D,2,1,1,0,0,0,0,0,0,3.3333333333333335,Treatment 1,3
0,30-39,4,1,0,1,Independent,,,,,,,,,,Party B,1,4,1,0,0,1,1,1,0,3.6666666666666665,Control,1
1,50-59,3,1,0,1,Opposition,,,,,,,,,,Party C,2,1,0,0,0,0,1,0,0,3,Control,2
0,18-29,4,2,0,1,Opposition,,,,,,,,,,Party C,2,0,0,0,0,0,0,0,0,3.6666666666666665,Control,4
0,70-,2,3,1,1,,,,,,,,,,,Other,1,7,1,1,1,1,1,1,1,2.3333333333333335,Treatment 2,3
0,60-69,3,1,0,1,Opposition,,,,,,,,,,No PID,0,0,0,0,0,0,0,0,0,3.6666666666666665,Treatment 1,5
1,40-49,4,2,0,1,Ruling,,,,,,,,,,Party A,2,4,0,1,1,0,1,1,0,4.666666666666667,Treatment 2,4
0,18-29,4,4,0,1,Ruling,,,,,,,,,,Party A,2,1,0,0,0,0,0,1,0,2,Treatment 1,3
1,60-69,2,2,0,1,Opposition,,,,,,,,,,No PID,0,2,0,0,0,1,1,0,0,2.3333333333333335,Treatment 1,4
0,70-,2,4,0,1,Ruling,,,,,,,,,,Party A,2,3,0,1,1,0,0,1,0,1.6666666666666667,Treatment 2,1
0,70-,2,5,1,1,,,,,,,,,,,,,0,0,0,0,0,0,0,0,3.3333333333333335,Treatment 1,3
1,18-29,4,2,0,1,Ruling,,,,,,,,,,Party A,2,1,0,0,0,0,0,1,0,4,Control,1
1,60-69,4,1,0,1,Opposition,,,,,,,,,,Party C,2,2,1,0,0,0,1,0,0,2.3333333333333335,Treatment 1,5
1,50-59,2,3,0,1,Opposition,,,,,,,,,,Party D,2,4,0,1,1,0,1,1,0,1.3333333333333333,Treatment 2,3
0,60-69,2,1,0,1,Ruling,,,,,,,,,,Party A,2,0,0,0,0,0,0,0,0,2.6666666666666665,Treatment 2,5
0,40-49,4,1,0,1,,,,,,,,,,,Other,2,1,1,0,0,0,0,0,0,2.3333333333333335,Treatment 2,3
0,30-39,4,1,0,1,Opposition,,,,,,,,,,Party E,2,3,1,0,0,1,1,0,0,2.3333333333333335,Treatment 1,5
1,70-,2,2,1,0,,0,0,0,0,0,0,0,0,0,No PID,0,1,1,0,0,0,0,0,0,5,Control,2
0,70-,4,2,0,0,,0,0,0,0,1,0,0,0,0,No PID,0,2,1,0,0,0,1,0,0,4.333333333333333,Treatment 1,1
0,60-69,2,4,0,0,,0,1,0,0,0,0,0,0,0,,,,,,,,,,,3.3333333333333335,Treatment 1,4
0,60-69,2,5,1,1,Opposition,,,,,,,,,,Party C,3,1,0,0,0,0,0,1,0,3,Treatment 2,4
0,50-59,2,5,0,1,Opposition,,,,,,,,,,Party F,2,1,0,0,0,0,0,1,0,3.6666666666666665,Control,4
0,60-69,3,4,0,1,Ruling,,,,,,,,,,Party A,2,2,0,0,0,0,1,1,0,3.3333333333333335,Treatment 1,5
1,70-,2,3,0,1,Ruling,,,,,,,,,,No PID,0,0,0,0,0,0,0,0,0,1.6666666666666667,Treatment 2,1
1,70-,4,2,1,0,,0,0,0,0,0,0,0,0,0,Other,2,0,0,0,0,0,0,0,0,2.6666666666666665,Treatment 1,1
1,60-69,4,3,0,1,Ruling,,,,,,,,,,Party A,2,0,0,0,0,0,0,0,0,4,Treatment 2,2
0,30-39,4,5,0,0,,0,0,0,0,0,0,0,0,1,No PID,0,,,,,,,,,4.333333333333333,Treatment 1,5
0,60-69,3,5,0,1,Ruling,,,,,,,,,,Party A,2,2,0,0,0,1,0,1,0,3.3333333333333335,Control,1
1,50-59,4,6,0,1,Opposition,,,,,,,,,,Party A,2,0,0,0,0,0,0,0,0,4,Treatment 1,3
0,30-39,4,3,0,0,,0,1,0,0,0,0,0,0,0,,,0,0,0,0,0,0,0,0,3,Control,2
1,60-69,4,5,0,1,Ruling,,,,,,,,,,Party A,2,3,0,1,1,0,0,1,0,2,Control,3
0,60-69,4,3,1,1,,,,,,,,,,,,,0,0,0,0,0,0,0,0,3,Treatment 2,2
0,40-49,4,3,0,1,Ruling,,,,,,,,,,Party B,3,1,1,0,0,0,0,0,0,2.3333333333333335,Control,3
0,60-69,1,5,1,1,Ruling,,,,,,,,,,Party B,1,1,0,0,0,0,1,0,0,2,Control,4
0,60-69,4,3,0,0,,0,0,0,0,0,0,0,0,1,Party D,2,,,,,,,,,3,Treatment 2,5
1,40-49,4,4,0,1,Opposition,,,,,,,,,,Party A,2,1,0,0,0,0,1,0,0,2.6666666666666665,Treatment 2,5
0,40-49,2,6,1,1,Opposition,,,,,,,,,,Party F,2,2,1,0,0,0,1,0,0,5,Treatment 2,5
1,50-59,4,6,0,1,Opposition,,,,,,,,,,Party C,2,2,1,0,0,0,0,1,0,3.3333333333333335,Treatment 1,2
0,60-69,3,4,0,1,Ruling,,,,,,,,,,Party A,2,4,0,1,1,0,1,1,0,2,Control,4
1,18-29,4,3,0,0,,0,0,0,0,0,0,1,0,0,Party A,2,4,0,1,1,0,1,1,0,5,Treatment 2,5
0,70-,4,5,1,1,Ruling,,,,,,,,,,Party C,2,1,0,0,0,0,0,1,0,1.6666666666666667,Control,2
1,40-49,4,5,0,1,,,,,,,,,,,Party D,2,1,1,0,0,0,0,0,0,4,Control,4
0,40-49,2,3,0,1,Ruling,,,,,,,,,,Party A,2,1,0,0,0,0,0,1,0,3.3333333333333335,Treatment 1,1
0,18-29,3,4,1,1,,,,,,,,,,,Party A,1,1,0,0,0,0,0,1,0,3,Treatment 2,1
0,40-49,4,2,0,1,Opposition,,,,,,,,,,Party C,3,3,1,0,0,0,1,1,0,1.6666666666666667,Treatment 1,1
0,40-49,4,3,0,1,Opposition,,,,,,,,,,Party D,2,2,0,0,0,0,1,1,0,3.6666666666666665,Control,4
1,30-39,4,3,0,1,,,,,,,,,,,,,0,0,0,0,0,0,0,0,4.333333333333333,Treatment 2,4
1,40-49,4,6,0,1,Ruling,,,,,,,,,,No PID,0,2,0,0,0,0,1,1,0,3,Treatment 1,1
0,50-59,3,4,0,0,,0,0,0,0,1,0,0,0,0,Party A,2,0,0,0,0,0,0,0,0,3,Control,2
0,40-49,3,3,0,0,,0,0,0,0,0,1,0,0,0,No PID,0,0,0,0,0,0,0,0,0,4.666666666666667,Treatment 1,1
0,50-59,4,6,0,0,,0,0,0,0,0,1,0,0,0,Party F,2,1,0,0,0,0,0,1,0,3.3333333333333335,Treatment 2,2
1,18-29,2,6,1,1,Opposition,,,,,,,,,,Party A,3,1,0,0,0,1,0,0,0,3.6666666666666665,Treatment 2,1
0,70-,4,2,1,1,,,,,,,,,,,,,1,0,0,0,0,1,0,0,1,Treatment 2,3
0,40-49,4,1,0,1,,,,,,,,,,,Party E,2,0,0,0,0,0,0,0,0,3,Treatment 2,5
1,40-49,2,1,0,1,Ruling,,,,,,,,,,Party C,3,3,0,0,1,1,0,1,0,2.3333333333333335,Treatment 1,1
0,70-,2,3,0,1,Ruling,,,,,,,,,,Party A,1,0,0,0,0,0,0,0,0,2,Control,1
0,60-69,4,5,0,1,Ruling,,,,,,,,,,Party B,2,3,1,0,0,0,1,1,0,2.3333333333333335,Control,2
0,70-,4,2,0,1,Opposition,,,,,,,,,,Party C,2,1,0,0,0,0,1,0,0,3.6666666666666665,Treatment 2,3
1,60-69,4,2,1,0,,0,0,0,1,0,0,0,0,0,Party A,1,3,0,1,1,0,0,1,0,3.3333333333333335,Control,1
1,50-59,4,2,0,1,,,,,,,,,,,No PID,0,0,0,0,0,0,0,0,0,3,Control,2
0,18-29,3,2,0,1,Ruling,,,,,,,,,,Party A,2,1,0,1,0,0,0,0,0,1.3333333333333333,Control,1
1,50-59,4,1,0,1,Ruling,,,,,,,,,,Party A,2,,,,,,,,,4,Treatment 2,5
1,60-69,3,4,0,1,Ruling,,,,,,,,,,Party B,1,2,1,0,0,0,1,0,0,3.3333333333333335,Treatment 2,1
